id,id_index,kode_provinsi,nama_provinsi,kode_kabupaten_kota,nama_kabupaten_kota,periode_update,kategori,jumlah,satuan,tahun
1,11,35,JAWA TIMUR,3501,KABUPATEN PACITAN,2018,HIV,15.0,KASUS,2018
1,21,35,JAWA TIMUR,3501,KABUPATEN PACITAN,2018,DEMAM BERDARAH,268.0,KASUS,2018
1,31,35,JAWA TIMUR,3501,KABUPATEN PACITAN,2018,KUSTA,9.0,KASUS,2018
1,41,35,JAWA TIMUR,3501,KABUPATEN PACITAN,2018,COVID 19,0.0,KASUS,2018
2,52,35,JAWA TIMUR,3502,KABUPATEN PONOROGO,2018,COVID 19,0.0,KASUS,2018
2,62,35,JAWA TIMUR,3502,KABUPATEN PONOROGO,2018,KUSTA,36.0,KASUS,2018
2,72,35,JAWA TIMUR,3502,KABUPATEN PONOROGO,2018,DEMAM BERDARAH,443.0,KASUS,2018
2,82,35,JAWA TIMUR,3502,KABUPATEN PONOROGO,2018,HIV,0.0,KASUS,2018
3,93,35,JAWA TIMUR,3503,KABUPATEN TRENGGALEK,2018,HIV,2.0,KASUS,2018
3,103,35,JAWA TIMUR,3503,KABUPATEN TRENGGALEK,2018,DEMAM BERDARAH,276.0,KASUS,2018
3,113,35,JAWA TIMUR,3503,KABUPATEN TRENGGALEK,2018,KUSTA,7.0,KASUS,2018
3,123,35,JAWA TIMUR,3503,KABUPATEN TRENGGALEK,2018,COVID 19,0.0,KASUS,2018
4,134,35,JAWA TIMUR,3504,KABUPATEN TULUNGAGUNG,2018,COVID 19,0.0,KASUS,2018
4,144,35,JAWA TIMUR,3504,KABUPATEN TULUNGAGUNG,2018,KUSTA,26.0,KASUS,2018
4,154,35,JAWA TIMUR,3504,KABUPATEN TULUNGAGUNG,2018,DEMAM BERDARAH,463.0,KASUS,2018
4,164,35,JAWA TIMUR,3504,KABUPATEN TULUNGAGUNG,2018,HIV,18.0,KASUS,2018
5,175,35,JAWA TIMUR,3505,KABUPATEN BLITAR,2018,HIV,22.0,KASUS,2018
5,185,35,JAWA TIMUR,3505,KABUPATEN BLITAR,2018,DEMAM BERDARAH,355.0,KASUS,2018
5,195,35,JAWA TIMUR,3505,KABUPATEN BLITAR,2018,COVID 19,0.0,KASUS,2018
5,205,35,JAWA TIMUR,3505,KABUPATEN BLITAR,2018,KUSTA,15.0,KASUS,2018
6,216,35,JAWA TIMUR,3506,KABUPATEN KEDIRI,2018,KUSTA,30.0,KASUS,2018
6,226,35,JAWA TIMUR,3506,KABUPATEN KEDIRI,2018,COVID 19,0.0,KASUS,2018
6,236,35,JAWA TIMUR,3506,KABUPATEN KEDIRI,2018,DEMAM BERDARAH,486.0,KASUS,2018
6,246,35,JAWA TIMUR,3506,KABUPATEN KEDIRI,2018,HIV,0.0,KASUS,2018
7,257,35,JAWA TIMUR,3507,KABUPATEN MALANG,2018,HIV,0.0,KASUS,2018
7,267,35,JAWA TIMUR,3507,KABUPATEN MALANG,2018,DEMAM BERDARAH,751.0,KASUS,2018
7,277,35,JAWA TIMUR,3507,KABUPATEN MALANG,2018,COVID 19,0.0,KASUS,2018
7,287,35,JAWA TIMUR,3507,KABUPATEN MALANG,2018,KUSTA,52.0,KASUS,2018
8,298,35,JAWA TIMUR,3508,KABUPATEN LUMAJANG,2018,KUSTA,175.0,KASUS,2018
8,308,35,JAWA TIMUR,3508,KABUPATEN LUMAJANG,2018,COVID 19,0.0,KASUS,2018
8,318,35,JAWA TIMUR,3508,KABUPATEN LUMAJANG,2018,DEMAM BERDARAH,33.0,KASUS,2018
8,328,35,JAWA TIMUR,3508,KABUPATEN LUMAJANG,2018,HIV,14.0,KASUS,2018
9,339,35,JAWA TIMUR,3509,KABUPATEN JEMBER,2018,HIV,0.0,KASUS,2018
9,349,35,JAWA TIMUR,3509,KABUPATEN JEMBER,2018,DEMAM BERDARAH,389.0,KASUS,2018
9,359,35,JAWA TIMUR,3509,KABUPATEN JEMBER,2018,COVID 19,0.0,KASUS,2018
9,369,35,JAWA TIMUR,3509,KABUPATEN JEMBER,2018,KUSTA,222.0,KASUS,2018
10,3710,35,JAWA TIMUR,3510,KABUPATEN BANYUWANGI,2018,KUSTA,40.0,KASUS,2018
10,3810,35,JAWA TIMUR,3510,KABUPATEN BANYUWANGI,2018,COVID 19,0.0,KASUS,2018
10,3910,35,JAWA TIMUR,3510,KABUPATEN BANYUWANGI,2018,DEMAM BERDARAH,34.0,KASUS,2018
10,4010,35,JAWA TIMUR,3510,KABUPATEN BANYUWANGI,2018,HIV,0.0,KASUS,2018
11,4111,35,JAWA TIMUR,3511,KABUPATEN BONDOWOSO,2018,HIV,6.0,KASUS,2018
11,4211,35,JAWA TIMUR,3511,KABUPATEN BONDOWOSO,2018,DEMAM BERDARAH,249.0,KASUS,2018
11,4311,35,JAWA TIMUR,3511,KABUPATEN BONDOWOSO,2018,COVID 19,0.0,KASUS,2018
11,4411,35,JAWA TIMUR,3511,KABUPATEN BONDOWOSO,2018,KUSTA,49.0,KASUS,2018
12,4512,35,JAWA TIMUR,3512,KABUPATEN SITUBONDO,2018,KUSTA,104.0,KASUS,2018
12,4612,35,JAWA TIMUR,3512,KABUPATEN SITUBONDO,2018,COVID 19,0.0,KASUS,2018
12,4712,35,JAWA TIMUR,3512,KABUPATEN SITUBONDO,2018,DEMAM BERDARAH,120.0,KASUS,2018
12,4812,35,JAWA TIMUR,3512,KABUPATEN SITUBONDO,2018,HIV,14.0,KASUS,2018
13,4913,35,JAWA TIMUR,3513,KABUPATEN PROBOLINGGO,2018,HIV,19.0,KASUS,2018
13,5013,35,JAWA TIMUR,3513,KABUPATEN PROBOLINGGO,2018,DEMAM BERDARAH,80.0,KASUS,2018
13,5113,35,JAWA TIMUR,3513,KABUPATEN PROBOLINGGO,2018,KUSTA,184.0,KASUS,2018
13,5213,35,JAWA TIMUR,3513,KABUPATEN PROBOLINGGO,2018,COVID 19,0.0,KASUS,2018
14,5314,35,JAWA TIMUR,3514,KABUPATEN PASURUAN,2018,KUSTA,193.0,KASUS,2018
14,5414,35,JAWA TIMUR,3514,KABUPATEN PASURUAN,2018,COVID 19,0.0,KASUS,2018
14,5514,35,JAWA TIMUR,3514,KABUPATEN PASURUAN,2018,DEMAM BERDARAH,191.0,KASUS,2018
14,5614,35,JAWA TIMUR,3514,KABUPATEN PASURUAN,2018,HIV,65.0,KASUS,2018
15,5715,35,JAWA TIMUR,3515,KABUPATEN SIDOARJO,2018,HIV,44.0,KASUS,2018
15,5815,35,JAWA TIMUR,3515,KABUPATEN SIDOARJO,2018,DEMAM BERDARAH,272.0,KASUS,2018
15,5915,35,JAWA TIMUR,3515,KABUPATEN SIDOARJO,2018,KUSTA,56.0,KASUS,2018
15,6015,35,JAWA TIMUR,3515,KABUPATEN SIDOARJO,2018,COVID 19,0.0,KASUS,2018
16,6116,35,JAWA TIMUR,3516,KABUPATEN MOJOKERTO,2018,HIV,30.0,KASUS,2018
16,6216,35,JAWA TIMUR,3516,KABUPATEN MOJOKERTO,2018,COVID 19,0.0,KASUS,2018
16,6316,35,JAWA TIMUR,3516,KABUPATEN MOJOKERTO,2018,DEMAM BERDARAH,406.0,KASUS,2018
16,6416,35,JAWA TIMUR,3516,KABUPATEN MOJOKERTO,2018,KUSTA,37.0,KASUS,2018
17,6517,35,JAWA TIMUR,3517,KABUPATEN JOMBANG,2018,COVID 19,0.0,KASUS,2018
17,6617,35,JAWA TIMUR,3517,KABUPATEN JOMBANG,2018,HIV,7.0,KASUS,2018
17,6717,35,JAWA TIMUR,3517,KABUPATEN JOMBANG,2018,DEMAM BERDARAH,528.0,KASUS,2018
17,6817,35,JAWA TIMUR,3517,KABUPATEN JOMBANG,2018,KUSTA,77.0,KASUS,2018
18,6918,35,JAWA TIMUR,3518,KABUPATEN NGANJUK,2018,HIV,18.0,KASUS,2018
18,7018,35,JAWA TIMUR,3518,KABUPATEN NGANJUK,2018,COVID 19,0.0,KASUS,2018
18,7118,35,JAWA TIMUR,3518,KABUPATEN NGANJUK,2018,KUSTA,44.0,KASUS,2018
18,7218,35,JAWA TIMUR,3518,KABUPATEN NGANJUK,2018,DEMAM BERDARAH,220.0,KASUS,2018
19,7319,35,JAWA TIMUR,3519,KABUPATEN MADIUN,2018,KUSTA,8.0,KASUS,2018
19,7419,35,JAWA TIMUR,3519,KABUPATEN MADIUN,2018,DEMAM BERDARAH,124.0,KASUS,2018
19,7519,35,JAWA TIMUR,3519,KABUPATEN MADIUN,2018,HIV,6.0,KASUS,2018
19,7619,35,JAWA TIMUR,3519,KABUPATEN MADIUN,2018,COVID 19,0.0,KASUS,2018
20,7720,35,JAWA TIMUR,3520,KABUPATEN MAGETAN,2018,HIV,0.0,KASUS,2018
20,7820,35,JAWA TIMUR,3520,KABUPATEN MAGETAN,2018,KUSTA,27.0,KASUS,2018
20,7920,35,JAWA TIMUR,3520,KABUPATEN MAGETAN,2018,COVID 19,0.0,KASUS,2018
20,8020,35,JAWA TIMUR,3520,KABUPATEN MAGETAN,2018,DEMAM BERDARAH,159.0,KASUS,2018
21,8121,35,JAWA TIMUR,3521,KABUPATEN NGAWI,2018,KUSTA,31.0,KASUS,2018
21,8221,35,JAWA TIMUR,3521,KABUPATEN NGAWI,2018,HIV,16.0,KASUS,2018
21,8321,35,JAWA TIMUR,3521,KABUPATEN NGAWI,2018,DEMAM BERDARAH,827.0,KASUS,2018
21,8421,35,JAWA TIMUR,3521,KABUPATEN NGAWI,2018,COVID 19,0.0,KASUS,2018
22,8522,35,JAWA TIMUR,3522,KABUPATEN BOJONEGORO,2018,DEMAM BERDARAH,589.0,KASUS,2018
22,8622,35,JAWA TIMUR,3522,KABUPATEN BOJONEGORO,2018,KUSTA,61.0,KASUS,2018
22,8722,35,JAWA TIMUR,3522,KABUPATEN BOJONEGORO,2018,COVID 19,0.0,KASUS,2018
22,8822,35,JAWA TIMUR,3522,KABUPATEN BOJONEGORO,2018,HIV,8.0,KASUS,2018
23,8923,35,JAWA TIMUR,3523,KABUPATEN TUBAN,2018,DEMAM BERDARAH,153.0,KASUS,2018
23,9023,35,JAWA TIMUR,3523,KABUPATEN TUBAN,2018,COVID 19,0.0,KASUS,2018
23,9123,35,JAWA TIMUR,3523,KABUPATEN TUBAN,2018,HIV,23.0,KASUS,2018
23,9223,35,JAWA TIMUR,3523,KABUPATEN TUBAN,2018,KUSTA,172.0,KASUS,2018
24,9324,35,JAWA TIMUR,3524,KABUPATEN LAMONGAN,2018,KUSTA,99.0,KASUS,2018
24,9424,35,JAWA TIMUR,3524,KABUPATEN LAMONGAN,2018,DEMAM BERDARAH,146.0,KASUS,2018
24,9524,35,JAWA TIMUR,3524,KABUPATEN LAMONGAN,2018,HIV,0.0,KASUS,2018
24,9624,35,JAWA TIMUR,3524,KABUPATEN LAMONGAN,2018,COVID 19,0.0,KASUS,2018
25,9725,35,JAWA TIMUR,3525,KABUPATEN GRESIK,2018,HIV,0.0,KASUS,2018
25,9825,35,JAWA TIMUR,3525,KABUPATEN GRESIK,2018,KUSTA,92.0,KASUS,2018
25,9925,35,JAWA TIMUR,3525,KABUPATEN GRESIK,2018,COVID 19,0.0,KASUS,2018
25,10025,35,JAWA TIMUR,3525,KABUPATEN GRESIK,2018,DEMAM BERDARAH,204.0,KASUS,2018
26,10126,35,JAWA TIMUR,3526,KABUPATEN BANGKALAN,2018,COVID 19,0.0,KASUS,2018
26,10226,35,JAWA TIMUR,3526,KABUPATEN BANGKALAN,2018,HIV,0.0,KASUS,2018
26,10326,35,JAWA TIMUR,3526,KABUPATEN BANGKALAN,2018,DEMAM BERDARAH,114.0,KASUS,2018
26,10426,35,JAWA TIMUR,3526,KABUPATEN BANGKALAN,2018,KUSTA,227.0,KASUS,2018
27,10527,35,JAWA TIMUR,3527,KABUPATEN SAMPANG,2018,DEMAM BERDARAH,214.0,KASUS,2018
27,10627,35,JAWA TIMUR,3527,KABUPATEN SAMPANG,2018,COVID 19,0.0,KASUS,2018
27,10727,35,JAWA TIMUR,3527,KABUPATEN SAMPANG,2018,KUSTA,322.0,KASUS,2018
27,10827,35,JAWA TIMUR,3527,KABUPATEN SAMPANG,2018,HIV,10.0,KASUS,2018
28,10928,35,JAWA TIMUR,3528,KABUPATEN PAMEKASAN,2018,COVID 19,0.0,KASUS,2018
28,11028,35,JAWA TIMUR,3528,KABUPATEN PAMEKASAN,2018,DEMAM BERDARAH,176.0,KASUS,2018
28,11128,35,JAWA TIMUR,3528,KABUPATEN PAMEKASAN,2018,HIV,0.0,KASUS,2018
28,11228,35,JAWA TIMUR,3528,KABUPATEN PAMEKASAN,2018,KUSTA,198.0,KASUS,2018
29,11329,35,JAWA TIMUR,3529,KABUPATEN SUMENEP,2018,DEMAM BERDARAH,292.0,KASUS,2018
29,11429,35,JAWA TIMUR,3529,KABUPATEN SUMENEP,2018,KUSTA,385.0,KASUS,2018
29,11529,35,JAWA TIMUR,3529,KABUPATEN SUMENEP,2018,COVID 19,0.0,KASUS,2018
29,11629,35,JAWA TIMUR,3529,KABUPATEN SUMENEP,2018,HIV,3.0,KASUS,2018
30,11730,35,JAWA TIMUR,3571,KOTA KEDIRI,2018,HIV,0.0,KASUS,2018
30,11830,35,JAWA TIMUR,3571,KOTA KEDIRI,2018,COVID 19,0.0,KASUS,2018
30,11930,35,JAWA TIMUR,3571,KOTA KEDIRI,2018,DEMAM BERDARAH,80.0,KASUS,2018
30,12030,35,JAWA TIMUR,3571,KOTA KEDIRI,2018,KUSTA,1.0,KASUS,2018
31,12131,35,JAWA TIMUR,3572,KOTA BLITAR,2018,DEMAM BERDARAH,146.0,KASUS,2018
31,12231,35,JAWA TIMUR,3572,KOTA BLITAR,2018,HIV,0.0,KASUS,2018
31,12331,35,JAWA TIMUR,3572,KOTA BLITAR,2018,KUSTA,1.0,KASUS,2018
31,12431,35,JAWA TIMUR,3572,KOTA BLITAR,2018,COVID 19,0.0,KASUS,2018
32,12532,35,JAWA TIMUR,3573,KOTA MALANG,2018,HIV,161.0,KASUS,2018
32,12632,35,JAWA TIMUR,3573,KOTA MALANG,2018,KUSTA,12.0,KASUS,2018
32,12732,35,JAWA TIMUR,3573,KOTA MALANG,2018,COVID 19,0.0,KASUS,2018
32,12832,35,JAWA TIMUR,3573,KOTA MALANG,2018,DEMAM BERDARAH,73.0,KASUS,2018
33,12933,35,JAWA TIMUR,3574,KOTA PROBOLINGGO,2018,KUSTA,19.0,KASUS,2018
33,13033,35,JAWA TIMUR,3574,KOTA PROBOLINGGO,2018,HIV,14.0,KASUS,2018
33,13133,35,JAWA TIMUR,3574,KOTA PROBOLINGGO,2018,DEMAM BERDARAH,31.0,KASUS,2018
33,13233,35,JAWA TIMUR,3574,KOTA PROBOLINGGO,2018,COVID 19,0.0,KASUS,2018
34,13334,35,JAWA TIMUR,3575,KOTA PASURUAN,2018,COVID 19,0.0,KASUS,2018
34,13434,35,JAWA TIMUR,3575,KOTA PASURUAN,2018,DEMAM BERDARAH,46.0,KASUS,2018
34,13534,35,JAWA TIMUR,3575,KOTA PASURUAN,2018,HIV,7.0,KASUS,2018
34,13634,35,JAWA TIMUR,3575,KOTA PASURUAN,2018,KUSTA,7.0,KASUS,2018
35,13735,35,JAWA TIMUR,3576,KOTA MOJOKERTO,2018,KUSTA,2.0,KASUS,2018
35,13835,35,JAWA TIMUR,3576,KOTA MOJOKERTO,2018,HIV,19.0,KASUS,2018
35,13935,35,JAWA TIMUR,3576,KOTA MOJOKERTO,2018,DEMAM BERDARAH,10.0,KASUS,2018
35,14035,35,JAWA TIMUR,3576,KOTA MOJOKERTO,2018,COVID 19,0.0,KASUS,2018
36,14136,35,JAWA TIMUR,3577,KOTA MADIUN,2018,HIV,19.0,KASUS,2018
36,14236,35,JAWA TIMUR,3577,KOTA MADIUN,2018,KUSTA,2.0,KASUS,2018
36,14336,35,JAWA TIMUR,3577,KOTA MADIUN,2018,COVID 19,0.0,KASUS,2018
36,14436,35,JAWA TIMUR,3577,KOTA MADIUN,2018,DEMAM BERDARAH,78.0,KASUS,2018
37,14537,35,JAWA TIMUR,3578,KOTA SURABAYA,2018,DEMAM BERDARAH,321.0,KASUS,2018
37,14637,35,JAWA TIMUR,3578,KOTA SURABAYA,2018,KUSTA,97.0,KASUS,2018
37,14737,35,JAWA TIMUR,3578,KOTA SURABAYA,2018,HIV,238.0,KASUS,2018
37,14837,35,JAWA TIMUR,3578,KOTA SURABAYA,2018,COVID 19,0.0,KASUS,2018
38,14938,35,JAWA TIMUR,3579,KOTA BATU,2018,DEMAM BERDARAH,78.0,KASUS,2018
38,15038,35,JAWA TIMUR,3579,KOTA BATU,2018,KUSTA,2.0,KASUS,2018
38,15138,35,JAWA TIMUR,3579,KOTA BATU,2018,COVID 19,0.0,KASUS,2018
38,15238,35,JAWA TIMUR,3579,KOTA BATU,2018,HIV,0.0,KASUS,2018
39,15339,35,JAWA TIMUR,3501,KABUPATEN PACITAN,2019,COVID 19,0.0,KASUS,2019
39,15439,35,JAWA TIMUR,3501,KABUPATEN PACITAN,2019,KUSTA,6.0,KASUS,2019
39,15539,35,JAWA TIMUR,3501,KABUPATEN PACITAN,2019,HIV,35.0,KASUS,2019
39,15639,35,JAWA TIMUR,3501,KABUPATEN PACITAN,2019,DEMAM BERDARAH,629.0,KASUS,2019
40,15740,35,JAWA TIMUR,3502,KABUPATEN PONOROGO,2019,KUSTA,24.0,KASUS,2019
40,15840,35,JAWA TIMUR,3502,KABUPATEN PONOROGO,2019,COVID 19,0.0,KASUS,2019
40,15940,35,JAWA TIMUR,3502,KABUPATEN PONOROGO,2019,DEMAM BERDARAH,1721.0,KASUS,2019
40,16040,35,JAWA TIMUR,3502,KABUPATEN PONOROGO,2019,HIV,97.0,KASUS,2019
41,16141,35,JAWA TIMUR,3503,KABUPATEN TRENGGALEK,2019,DEMAM BERDARAH,507.0,KASUS,2019
41,16241,35,JAWA TIMUR,3503,KABUPATEN TRENGGALEK,2019,COVID 19,0.0,KASUS,2019
41,16341,35,JAWA TIMUR,3503,KABUPATEN TRENGGALEK,2019,KUSTA,7.0,KASUS,2019
41,16441,35,JAWA TIMUR,3503,KABUPATEN TRENGGALEK,2019,HIV,99.0,KASUS,2019
42,16542,35,JAWA TIMUR,3504,KABUPATEN TULUNGAGUNG,2019,COVID 19,0.0,KASUS,2019
42,16642,35,JAWA TIMUR,3504,KABUPATEN TULUNGAGUNG,2019,DEMAM BERDARAH,899.0,KASUS,2019
42,16742,35,JAWA TIMUR,3504,KABUPATEN TULUNGAGUNG,2019,HIV,359.0,KASUS,2019
42,16842,35,JAWA TIMUR,3504,KABUPATEN TULUNGAGUNG,2019,KUSTA,30.0,KASUS,2019
43,16943,35,JAWA TIMUR,3505,KABUPATEN BLITAR,2019,KUSTA,28.0,KASUS,2019
43,17043,35,JAWA TIMUR,3505,KABUPATEN BLITAR,2019,HIV,157.0,KASUS,2019
43,17143,35,JAWA TIMUR,3505,KABUPATEN BLITAR,2019,DEMAM BERDARAH,671.0,KASUS,2019
43,17243,35,JAWA TIMUR,3505,KABUPATEN BLITAR,2019,COVID 19,0.0,KASUS,2019
44,17344,35,JAWA TIMUR,3506,KABUPATEN KEDIRI,2019,HIV,238.0,KASUS,2019
44,17444,35,JAWA TIMUR,3506,KABUPATEN KEDIRI,2019,KUSTA,32.0,KASUS,2019
44,17544,35,JAWA TIMUR,3506,KABUPATEN KEDIRI,2019,COVID 19,0.0,KASUS,2019
44,17644,35,JAWA TIMUR,3506,KABUPATEN KEDIRI,2019,DEMAM BERDARAH,1398.0,KASUS,2019
45,17745,35,JAWA TIMUR,3507,KABUPATEN MALANG,2019,DEMAM BERDARAH,1570.0,KASUS,2019
45,17845,35,JAWA TIMUR,3507,KABUPATEN MALANG,2019,HIV,363.0,KASUS,2019
45,17945,35,JAWA TIMUR,3507,KABUPATEN MALANG,2019,COVID 19,0.0,KASUS,2019
45,18045,35,JAWA TIMUR,3507,KABUPATEN MALANG,2019,KUSTA,37.0,KASUS,2019
46,18146,35,JAWA TIMUR,3508,KABUPATEN LUMAJANG,2019,COVID 19,0.0,KASUS,2019
46,18246,35,JAWA TIMUR,3508,KABUPATEN LUMAJANG,2019,KUSTA,136.0,KASUS,2019
46,18346,35,JAWA TIMUR,3508,KABUPATEN LUMAJANG,2019,HIV,790.0,KASUS,2019
46,18446,35,JAWA TIMUR,3508,KABUPATEN LUMAJANG,2019,DEMAM BERDARAH,171.0,KASUS,2019
47,18547,35,JAWA TIMUR,3509,KABUPATEN JEMBER,2019,HIV,823.0,KASUS,2019
47,18647,35,JAWA TIMUR,3509,KABUPATEN JEMBER,2019,DEMAM BERDARAH,988.0,KASUS,2019
47,18747,35,JAWA TIMUR,3509,KABUPATEN JEMBER,2019,COVID 19,0.0,KASUS,2019
47,18847,35,JAWA TIMUR,3509,KABUPATEN JEMBER,2019,KUSTA,272.0,KASUS,2019
48,18948,35,JAWA TIMUR,3510,KABUPATEN BANYUWANGI,2019,KUSTA,38.0,KASUS,2019
48,19048,35,JAWA TIMUR,3510,KABUPATEN BANYUWANGI,2019,HIV,613.0,KASUS,2019
48,19148,35,JAWA TIMUR,3510,KABUPATEN BANYUWANGI,2019,DEMAM BERDARAH,138.0,KASUS,2019
48,19248,35,JAWA TIMUR,3510,KABUPATEN BANYUWANGI,2019,COVID 19,0.0,KASUS,2019
49,19349,35,JAWA TIMUR,3511,KABUPATEN BONDOWOSO,2019,HIV,120.0,KASUS,2019
49,19449,35,JAWA TIMUR,3511,KABUPATEN BONDOWOSO,2019,DEMAM BERDARAH,383.0,KASUS,2019
49,19549,35,JAWA TIMUR,3511,KABUPATEN BONDOWOSO,2019,KUSTA,38.0,KASUS,2019
49,19649,35,JAWA TIMUR,3511,KABUPATEN BONDOWOSO,2019,COVID 19,0.0,KASUS,2019
50,19750,35,JAWA TIMUR,3512,KABUPATEN SITUBONDO,2019,KUSTA,109.0,KASUS,2019
50,19850,35,JAWA TIMUR,3512,KABUPATEN SITUBONDO,2019,DEMAM BERDARAH,448.0,KASUS,2019
50,19950,35,JAWA TIMUR,3512,KABUPATEN SITUBONDO,2019,COVID 19,0.0,KASUS,2019
50,20050,35,JAWA TIMUR,3512,KABUPATEN SITUBONDO,2019,HIV,274.0,KASUS,2019
51,20151,35,JAWA TIMUR,3513,KABUPATEN PROBOLINGGO,2019,COVID 19,0.0,KASUS,2019
51,20251,35,JAWA TIMUR,3513,KABUPATEN PROBOLINGGO,2019,HIV,195.0,KASUS,2019
51,20351,35,JAWA TIMUR,3513,KABUPATEN PROBOLINGGO,2019,DEMAM BERDARAH,440.0,KASUS,2019
51,20451,35,JAWA TIMUR,3513,KABUPATEN PROBOLINGGO,2019,KUSTA,14.0,KASUS,2019
52,20552,35,JAWA TIMUR,3514,KABUPATEN PASURUAN,2019,KUSTA,178.0,KASUS,2019
52,20652,35,JAWA TIMUR,3514,KABUPATEN PASURUAN,2019,DEMAM BERDARAH,190.0,KASUS,2019
52,20752,35,JAWA TIMUR,3514,KABUPATEN PASURUAN,2019,HIV,451.0,KASUS,2019
52,20852,35,JAWA TIMUR,3514,KABUPATEN PASURUAN,2019,COVID 19,0.0,KASUS,2019
53,20953,35,JAWA TIMUR,3515,KABUPATEN SIDOARJO,2019,DEMAM BERDARAH,367.0,KASUS,2019
53,21053,35,JAWA TIMUR,3515,KABUPATEN SIDOARJO,2019,HIV,511.0,KASUS,2019
53,21153,35,JAWA TIMUR,3515,KABUPATEN SIDOARJO,2019,KUSTA,57.0,KASUS,2019
53,21253,35,JAWA TIMUR,3515,KABUPATEN SIDOARJO,2019,COVID 19,0.0,KASUS,2019
54,21354,35,JAWA TIMUR,3516,KABUPATEN MOJOKERTO,2019,HIV,170.0,KASUS,2019
54,21454,35,JAWA TIMUR,3516,KABUPATEN MOJOKERTO,2019,COVID 19,0.0,KASUS,2019
54,21554,35,JAWA TIMUR,3516,KABUPATEN MOJOKERTO,2019,DEMAM BERDARAH,267.0,KASUS,2019
54,21654,35,JAWA TIMUR,3516,KABUPATEN MOJOKERTO,2019,KUSTA,19.0,KASUS,2019
55,21755,35,JAWA TIMUR,3517,KABUPATEN JOMBANG,2019,DEMAM BERDARAH,344.0,KASUS,2019
55,21855,35,JAWA TIMUR,3517,KABUPATEN JOMBANG,2019,COVID 19,0.0,KASUS,2019
55,21955,35,JAWA TIMUR,3517,KABUPATEN JOMBANG,2019,KUSTA,68.0,KASUS,2019
55,22055,35,JAWA TIMUR,3517,KABUPATEN JOMBANG,2019,HIV,233.0,KASUS,2019
56,22156,35,JAWA TIMUR,3518,KABUPATEN NGANJUK,2019,COVID 19,0.0,KASUS,2019
56,22256,35,JAWA TIMUR,3518,KABUPATEN NGANJUK,2019,KUSTA,43.0,KASUS,2019
56,22356,35,JAWA TIMUR,3518,KABUPATEN NGANJUK,2019,HIV,193.0,KASUS,2019
56,22456,35,JAWA TIMUR,3518,KABUPATEN NGANJUK,2019,DEMAM BERDARAH,318.0,KASUS,2019
57,22557,35,JAWA TIMUR,3519,KABUPATEN MADIUN,2019,HIV,118.0,KASUS,2019
57,22657,35,JAWA TIMUR,3519,KABUPATEN MADIUN,2019,KUSTA,11.0,KASUS,2019
57,22757,35,JAWA TIMUR,3519,KABUPATEN MADIUN,2019,COVID 19,0.0,KASUS,2019
57,22857,35,JAWA TIMUR,3519,KABUPATEN MADIUN,2019,DEMAM BERDARAH,305.0,KASUS,2019
58,22958,35,JAWA TIMUR,3520,KABUPATEN MAGETAN,2019,DEMAM BERDARAH,471.0,KASUS,2019
58,23058,35,JAWA TIMUR,3520,KABUPATEN MAGETAN,2019,COVID 19,0.0,KASUS,2019
58,23158,35,JAWA TIMUR,3520,KABUPATEN MAGETAN,2019,KUSTA,25.0,KASUS,2019
58,23258,35,JAWA TIMUR,3520,KABUPATEN MAGETAN,2019,HIV,72.0,KASUS,2019
59,23359,35,JAWA TIMUR,3521,KABUPATEN NGAWI,2019,HIV,98.0,KASUS,2019
59,23459,35,JAWA TIMUR,3521,KABUPATEN NGAWI,2019,DEMAM BERDARAH,1411.0,KASUS,2019
59,23559,35,JAWA TIMUR,3521,KABUPATEN NGAWI,2019,COVID 19,0.0,KASUS,2019
59,23659,35,JAWA TIMUR,3521,KABUPATEN NGAWI,2019,KUSTA,10.0,KASUS,2019
60,23760,35,JAWA TIMUR,3522,KABUPATEN BOJONEGORO,2019,KUSTA,56.0,KASUS,2019
60,23860,35,JAWA TIMUR,3522,KABUPATEN BOJONEGORO,2019,DEMAM BERDARAH,520.0,KASUS,2019
60,23960,35,JAWA TIMUR,3522,KABUPATEN BOJONEGORO,2019,HIV,115.0,KASUS,2019
60,24060,35,JAWA TIMUR,3522,KABUPATEN BOJONEGORO,2019,COVID 19,0.0,KASUS,2019
61,24161,35,JAWA TIMUR,3523,KABUPATEN TUBAN,2019,COVID 19,0.0,KASUS,2019
61,24261,35,JAWA TIMUR,3523,KABUPATEN TUBAN,2019,KUSTA,159.0,KASUS,2019
61,24361,35,JAWA TIMUR,3523,KABUPATEN TUBAN,2019,HIV,133.0,KASUS,2019
61,24461,35,JAWA TIMUR,3523,KABUPATEN TUBAN,2019,DEMAM BERDARAH,398.0,KASUS,2019
62,24562,35,JAWA TIMUR,3524,KABUPATEN LAMONGAN,2019,HIV,146.0,KASUS,2019
62,24662,35,JAWA TIMUR,3524,KABUPATEN LAMONGAN,2019,DEMAM BERDARAH,387.0,KASUS,2019
62,24762,35,JAWA TIMUR,3524,KABUPATEN LAMONGAN,2019,COVID 19,0.0,KASUS,2019
62,24862,35,JAWA TIMUR,3524,KABUPATEN LAMONGAN,2019,KUSTA,98.0,KASUS,2019
63,24963,35,JAWA TIMUR,3525,KABUPATEN GRESIK,2019,COVID 19,0.0,KASUS,2019
63,25063,35,JAWA TIMUR,3525,KABUPATEN GRESIK,2019,HIV,116.0,KASUS,2019
63,25163,35,JAWA TIMUR,3525,KABUPATEN GRESIK,2019,KUSTA,94.0,KASUS,2019
63,25263,35,JAWA TIMUR,3525,KABUPATEN GRESIK,2019,DEMAM BERDARAH,441.0,KASUS,2019
64,25364,35,JAWA TIMUR,3526,KABUPATEN BANGKALAN,2019,COVID 19,0.0,KASUS,2019
64,25464,35,JAWA TIMUR,3526,KABUPATEN BANGKALAN,2019,KUSTA,200.0,KASUS,2019
64,25564,35,JAWA TIMUR,3526,KABUPATEN BANGKALAN,2019,DEMAM BERDARAH,171.0,KASUS,2019
64,25664,35,JAWA TIMUR,3526,KABUPATEN BANGKALAN,2019,HIV,27.0,KASUS,2019
65,25765,35,JAWA TIMUR,3527,KABUPATEN SAMPANG,2019,DEMAM BERDARAH,265.0,KASUS,2019
65,25865,35,JAWA TIMUR,3527,KABUPATEN SAMPANG,2019,HIV,47.0,KASUS,2019
65,25965,35,JAWA TIMUR,3527,KABUPATEN SAMPANG,2019,COVID 19,0.0,KASUS,2019
65,26065,35,JAWA TIMUR,3527,KABUPATEN SAMPANG,2019,KUSTA,280.0,KASUS,2019
66,26166,35,JAWA TIMUR,3528,KABUPATEN PAMEKASAN,2019,DEMAM BERDARAH,328.0,KASUS,2019
66,26266,35,JAWA TIMUR,3528,KABUPATEN PAMEKASAN,2019,COVID 19,0.0,KASUS,2019
66,26366,35,JAWA TIMUR,3528,KABUPATEN PAMEKASAN,2019,KUSTA,236.0,KASUS,2019
66,26466,35,JAWA TIMUR,3528,KABUPATEN PAMEKASAN,2019,HIV,40.0,KASUS,2019
67,26567,35,JAWA TIMUR,3529,KABUPATEN SUMENEP,2019,KUSTA,327.0,KASUS,2019
67,26667,35,JAWA TIMUR,3529,KABUPATEN SUMENEP,2019,HIV,56.0,KASUS,2019
67,26767,35,JAWA TIMUR,3529,KABUPATEN SUMENEP,2019,COVID 19,0.0,KASUS,2019
67,26867,35,JAWA TIMUR,3529,KABUPATEN SUMENEP,2019,DEMAM BERDARAH,369.0,KASUS,2019
68,26968,35,JAWA TIMUR,3571,KOTA KEDIRI,2019,DEMAM BERDARAH,223.0,KASUS,2019
68,27068,35,JAWA TIMUR,3571,KOTA KEDIRI,2019,HIV,230.0,KASUS,2019
68,27168,35,JAWA TIMUR,3571,KOTA KEDIRI,2019,COVID 19,0.0,KASUS,2019
68,27268,35,JAWA TIMUR,3571,KOTA KEDIRI,2019,KUSTA,4.0,KASUS,2019
69,27369,35,JAWA TIMUR,3572,KOTA BLITAR,2019,COVID 19,0.0,KASUS,2019
69,27469,35,JAWA TIMUR,3572,KOTA BLITAR,2019,DEMAM BERDARAH,254.0,KASUS,2019
69,27569,35,JAWA TIMUR,3572,KOTA BLITAR,2019,KUSTA,0.0,KASUS,2019
69,27669,35,JAWA TIMUR,3572,KOTA BLITAR,2019,HIV,125.0,KASUS,2019
70,27770,35,JAWA TIMUR,3573,KOTA MALANG,2019,DEMAM BERDARAH,527.0,KASUS,2019
70,27870,35,JAWA TIMUR,3573,KOTA MALANG,2019,KUSTA,23.0,KASUS,2019
70,27970,35,JAWA TIMUR,3573,KOTA MALANG,2019,HIV,554.0,KASUS,2019
70,28070,35,JAWA TIMUR,3573,KOTA MALANG,2019,COVID 19,0.0,KASUS,2019
71,28171,35,JAWA TIMUR,3574,KOTA PROBOLINGGO,2019,KUSTA,120.0,KASUS,2019
71,28271,35,JAWA TIMUR,3574,KOTA PROBOLINGGO,2019,DEMAM BERDARAH,215.0,KASUS,2019
71,28371,35,JAWA TIMUR,3574,KOTA PROBOLINGGO,2019,COVID 19,0.0,KASUS,2019
71,28471,35,JAWA TIMUR,3574,KOTA PROBOLINGGO,2019,HIV,93.0,KASUS,2019
72,28572,35,JAWA TIMUR,3575,KOTA PASURUAN,2019,KUSTA,18.0,KASUS,2019
72,28672,35,JAWA TIMUR,3575,KOTA PASURUAN,2019,COVID 19,0.0,KASUS,2019
72,28772,35,JAWA TIMUR,3575,KOTA PASURUAN,2019,HIV,78.0,KASUS,2019
72,28872,35,JAWA TIMUR,3575,KOTA PASURUAN,2019,DEMAM BERDARAH,92.0,KASUS,2019
73,28973,35,JAWA TIMUR,3576,KOTA MOJOKERTO,2019,COVID 19,0.0,KASUS,2019
73,29073,35,JAWA TIMUR,3576,KOTA MOJOKERTO,2019,DEMAM BERDARAH,24.0,KASUS,2019
73,29173,35,JAWA TIMUR,3576,KOTA MOJOKERTO,2019,KUSTA,2.0,KASUS,2019
73,29273,35,JAWA TIMUR,3576,KOTA MOJOKERTO,2019,HIV,76.0,KASUS,2019
74,29374,35,JAWA TIMUR,3577,KOTA MADIUN,2019,KUSTA,3.0,KASUS,2019
74,29474,35,JAWA TIMUR,3577,KOTA MADIUN,2019,HIV,154.0,KASUS,2019
74,29574,35,JAWA TIMUR,3577,KOTA MADIUN,2019,COVID 19,0.0,KASUS,2019
74,29674,35,JAWA TIMUR,3577,KOTA MADIUN,2019,DEMAM BERDARAH,245.0,KASUS,2019
75,29775,35,JAWA TIMUR,3578,KOTA SURABAYA,2019,COVID 19,0.0,KASUS,2019
75,29875,35,JAWA TIMUR,3578,KOTA SURABAYA,2019,KUSTA,97.0,KASUS,2019
75,29975,35,JAWA TIMUR,3578,KOTA SURABAYA,2019,DEMAM BERDARAH,277.0,KASUS,2019
75,30075,35,JAWA TIMUR,3578,KOTA SURABAYA,2019,HIV,1443.0,KASUS,2019
76,30176,35,JAWA TIMUR,3579,KOTA BATU,2019,DEMAM BERDARAH,25.0,KASUS,2019
76,30276,35,JAWA TIMUR,3579,KOTA BATU,2019,COVID 19,0.0,KASUS,2019
76,30376,35,JAWA TIMUR,3579,KOTA BATU,2019,HIV,65.0,KASUS,2019
76,30476,35,JAWA TIMUR,3579,KOTA BATU,2019,KUSTA,0.0,KASUS,2019
77,30577,35,JAWA TIMUR,3501,KABUPATEN PACITAN,2020,HIV,16.0,KASUS,2020
77,30677,35,JAWA TIMUR,3501,KABUPATEN PACITAN,2020,COVID 19,759.0,KASUS,2020
77,30777,35,JAWA TIMUR,3501,KABUPATEN PACITAN,2020,KUSTA,1.0,KASUS,2020
77,30877,35,JAWA TIMUR,3501,KABUPATEN PACITAN,2020,DEMAM BERDARAH,727.0,KASUS,2020
78,30978,35,JAWA TIMUR,3502,KABUPATEN PONOROGO,2020,COVID 19,1240.0,KASUS,2020
78,31078,35,JAWA TIMUR,3502,KABUPATEN PONOROGO,2020,HIV,126.0,KASUS,2020
78,31178,35,JAWA TIMUR,3502,KABUPATEN PONOROGO,2020,DEMAM BERDARAH,152.0,KASUS,2020
78,31278,35,JAWA TIMUR,3502,KABUPATEN PONOROGO,2020,KUSTA,20.0,KASUS,2020
79,31379,35,JAWA TIMUR,3503,KABUPATEN TRENGGALEK,2020,KUSTA,10.0,KASUS,2020
79,31479,35,JAWA TIMUR,3503,KABUPATEN TRENGGALEK,2020,COVID 19,1039.0,KASUS,2020
79,31579,35,JAWA TIMUR,3503,KABUPATEN TRENGGALEK,2020,HIV,32.0,KASUS,2020
79,31679,35,JAWA TIMUR,3503,KABUPATEN TRENGGALEK,2020,DEMAM BERDARAH,367.0,KASUS,2020
80,31780,35,JAWA TIMUR,3504,KABUPATEN TULUNGAGUNG,2020,HIV,238.0,KASUS,2020
80,31880,35,JAWA TIMUR,3504,KABUPATEN TULUNGAGUNG,2020,KUSTA,11.0,KASUS,2020
80,31980,35,JAWA TIMUR,3504,KABUPATEN TULUNGAGUNG,2020,COVID 19,1354.0,KASUS,2020
80,32080,35,JAWA TIMUR,3504,KABUPATEN TULUNGAGUNG,2020,DEMAM BERDARAH,275.0,KASUS,2020
81,32181,35,JAWA TIMUR,3505,KABUPATEN BLITAR,2020,DEMAM BERDARAH,199.0,KASUS,2020
81,32281,35,JAWA TIMUR,3505,KABUPATEN BLITAR,2020,KUSTA,10.0,KASUS,2020
81,32381,35,JAWA TIMUR,3505,KABUPATEN BLITAR,2020,HIV,93.0,KASUS,2020
81,32481,35,JAWA TIMUR,3505,KABUPATEN BLITAR,2020,COVID 19,1821.0,KASUS,2020
82,32582,35,JAWA TIMUR,3506,KABUPATEN KEDIRI,2020,KUSTA,20.0,KASUS,2020
82,32682,35,JAWA TIMUR,3506,KABUPATEN KEDIRI,2020,DEMAM BERDARAH,338.0,KASUS,2020
82,32782,35,JAWA TIMUR,3506,KABUPATEN KEDIRI,2020,COVID 19,2415.0,KASUS,2020
82,32882,35,JAWA TIMUR,3506,KABUPATEN KEDIRI,2020,HIV,173.0,KASUS,2020
83,32983,35,JAWA TIMUR,3507,KABUPATEN MALANG,2020,COVID 19,1481.0,KASUS,2020
83,33083,35,JAWA TIMUR,3507,KABUPATEN MALANG,2020,KUSTA,27.0,KASUS,2020
83,33183,35,JAWA TIMUR,3507,KABUPATEN MALANG,2020,HIV,265.0,KASUS,2020
83,33283,35,JAWA TIMUR,3507,KABUPATEN MALANG,2020,DEMAM BERDARAH,1409.0,KASUS,2020
84,33384,35,JAWA TIMUR,3508,KABUPATEN LUMAJANG,2020,KUSTA,65.0,KASUS,2020
84,33484,35,JAWA TIMUR,3508,KABUPATEN LUMAJANG,2020,COVID 19,2412.0,KASUS,2020
84,33584,35,JAWA TIMUR,3508,KABUPATEN LUMAJANG,2020,DEMAM BERDARAH,153.0,KASUS,2020
84,33684,35,JAWA TIMUR,3508,KABUPATEN LUMAJANG,2020,HIV,827.0,KASUS,2020
85,33785,35,JAWA TIMUR,3509,KABUPATEN JEMBER,2020,DEMAM BERDARAH,945.0,KASUS,2020
85,33885,35,JAWA TIMUR,3509,KABUPATEN JEMBER,2020,COVID 19,4438.0,KASUS,2020
85,33985,35,JAWA TIMUR,3509,KABUPATEN JEMBER,2020,HIV,710.0,KASUS,2020
85,34085,35,JAWA TIMUR,3509,KABUPATEN JEMBER,2020,KUSTA,134.0,KASUS,2020
86,34186,35,JAWA TIMUR,3510,KABUPATEN BANYUWANGI,2020,KUSTA,32.0,KASUS,2020
86,34286,35,JAWA TIMUR,3510,KABUPATEN BANYUWANGI,2020,HIV,505.0,KASUS,2020
86,34386,35,JAWA TIMUR,3510,KABUPATEN BANYUWANGI,2020,DEMAM BERDARAH,225.0,KASUS,2020
86,34486,35,JAWA TIMUR,3510,KABUPATEN BANYUWANGI,2020,COVID 19,4099.0,KASUS,2020
87,34587,35,JAWA TIMUR,3511,KABUPATEN BONDOWOSO,2020,HIV,132.0,KASUS,2020
87,34687,35,JAWA TIMUR,3511,KABUPATEN BONDOWOSO,2020,COVID 19,1504.0,KASUS,2020
87,34787,35,JAWA TIMUR,3511,KABUPATEN BONDOWOSO,2020,DEMAM BERDARAH,278.0,KASUS,2020
87,34887,35,JAWA TIMUR,3511,KABUPATEN BONDOWOSO,2020,KUSTA,30.0,KASUS,2020
88,34988,35,JAWA TIMUR,3512,KABUPATEN SITUBONDO,2020,KUSTA,75.0,KASUS,2020
88,35088,35,JAWA TIMUR,3512,KABUPATEN SITUBONDO,2020,DEMAM BERDARAH,331.0,KASUS,2020
88,35188,35,JAWA TIMUR,3512,KABUPATEN SITUBONDO,2020,HIV,245.0,KASUS,2020
88,35288,35,JAWA TIMUR,3512,KABUPATEN SITUBONDO,2020,COVID 19,1704.0,KASUS,2020
89,35389,35,JAWA TIMUR,3513,KABUPATEN PROBOLINGGO,2020,DEMAM BERDARAH,170.0,KASUS,2020
89,35489,35,JAWA TIMUR,3513,KABUPATEN PROBOLINGGO,2020,COVID 19,2213.0,KASUS,2020
89,35589,35,JAWA TIMUR,3513,KABUPATEN PROBOLINGGO,2020,HIV,154.0,KASUS,2020
89,35689,35,JAWA TIMUR,3513,KABUPATEN PROBOLINGGO,2020,KUSTA,82.0,KASUS,2020
90,35790,35,JAWA TIMUR,3514,KABUPATEN PASURUAN,2020,COVID 19,2191.0,KASUS,2020
90,35890,35,JAWA TIMUR,3514,KABUPATEN PASURUAN,2020,HIV,266.0,KASUS,2020
90,35990,35,JAWA TIMUR,3514,KABUPATEN PASURUAN,2020,KUSTA,94.0,KASUS,2020
90,36090,35,JAWA TIMUR,3514,KABUPATEN PASURUAN,2020,DEMAM BERDARAH,119.0,KASUS,2020
91,36191,35,JAWA TIMUR,3515,KABUPATEN SIDOARJO,2020,COVID 19,7980.0,KASUS,2020
91,36291,35,JAWA TIMUR,3515,KABUPATEN SIDOARJO,2020,HIV,406.0,KASUS,2020
91,36391,35,JAWA TIMUR,3515,KABUPATEN SIDOARJO,2020,DEMAM BERDARAH,148.0,KASUS,2020
91,36491,35,JAWA TIMUR,3515,KABUPATEN SIDOARJO,2020,KUSTA,33.0,KASUS,2020
92,36592,35,JAWA TIMUR,3516,KABUPATEN MOJOKERTO,2020,KUSTA,18.0,KASUS,2020
92,36692,35,JAWA TIMUR,3516,KABUPATEN MOJOKERTO,2020,DEMAM BERDARAH,97.0,KASUS,2020
92,36792,35,JAWA TIMUR,3516,KABUPATEN MOJOKERTO,2020,HIV,64.0,KASUS,2020
92,36892,35,JAWA TIMUR,3516,KABUPATEN MOJOKERTO,2020,COVID 19,1487.0,KASUS,2020
93,36993,35,JAWA TIMUR,3517,KABUPATEN JOMBANG,2020,COVID 19,2319.0,KASUS,2020
93,37093,35,JAWA TIMUR,3517,KABUPATEN JOMBANG,2020,KUSTA,53.0,KASUS,2020
93,37193,35,JAWA TIMUR,3517,KABUPATEN JOMBANG,2020,DEMAM BERDARAH,142.0,KASUS,2020
93,37293,35,JAWA TIMUR,3517,KABUPATEN JOMBANG,2020,HIV,179.0,KASUS,2020
94,37394,35,JAWA TIMUR,3518,KABUPATEN NGANJUK,2020,KUSTA,20.0,KASUS,2020
94,37494,35,JAWA TIMUR,3518,KABUPATEN NGANJUK,2020,COVID 19,1097.0,KASUS,2020
94,37594,35,JAWA TIMUR,3518,KABUPATEN NGANJUK,2020,HIV,163.0,KASUS,2020
94,37694,35,JAWA TIMUR,3518,KABUPATEN NGANJUK,2020,DEMAM BERDARAH,31.0,KASUS,2020
95,37795,35,JAWA TIMUR,3519,KABUPATEN MADIUN,2020,KUSTA,7.0,KASUS,2020
95,37895,35,JAWA TIMUR,3519,KABUPATEN MADIUN,2020,DEMAM BERDARAH,86.0,KASUS,2020
95,37995,35,JAWA TIMUR,3519,KABUPATEN MADIUN,2020,COVID 19,390.0,KASUS,2020
95,38095,35,JAWA TIMUR,3519,KABUPATEN MADIUN,2020,HIV,104.0,KASUS,2020
96,38196,35,JAWA TIMUR,3520,KABUPATEN MAGETAN,2020,HIV,72.0,KASUS,2020
96,38296,35,JAWA TIMUR,3520,KABUPATEN MAGETAN,2020,COVID 19,944.0,KASUS,2020
96,38396,35,JAWA TIMUR,3520,KABUPATEN MAGETAN,2020,KUSTA,23.0,KASUS,2020
96,38496,35,JAWA TIMUR,3520,KABUPATEN MAGETAN,2020,DEMAM BERDARAH,276.0,KASUS,2020
97,38597,35,JAWA TIMUR,3521,KABUPATEN NGAWI,2020,DEMAM BERDARAH,271.0,KASUS,2020
97,38697,35,JAWA TIMUR,3521,KABUPATEN NGAWI,2020,KUSTA,21.0,KASUS,2020
97,38797,35,JAWA TIMUR,3521,KABUPATEN NGAWI,2020,COVID 19,590.0,KASUS,2020
97,38897,35,JAWA TIMUR,3521,KABUPATEN NGAWI,2020,HIV,97.0,KASUS,2020
98,38998,35,JAWA TIMUR,3522,KABUPATEN BOJONEGORO,2020,HIV,167.0,KASUS,2020
98,39098,35,JAWA TIMUR,3522,KABUPATEN BOJONEGORO,2020,COVID 19,1287.0,KASUS,2020
98,39198,35,JAWA TIMUR,3522,KABUPATEN BOJONEGORO,2020,DEMAM BERDARAH,78.0,KASUS,2020
98,39298,35,JAWA TIMUR,3522,KABUPATEN BOJONEGORO,2020,KUSTA,56.0,KASUS,2020
99,39399,35,JAWA TIMUR,3523,KABUPATEN TUBAN,2020,COVID 19,1790.0,KASUS,2020
99,39499,35,JAWA TIMUR,3523,KABUPATEN TUBAN,2020,DEMAM BERDARAH,43.0,KASUS,2020
99,39599,35,JAWA TIMUR,3523,KABUPATEN TUBAN,2020,HIV,34.0,KASUS,2020
99,39699,35,JAWA TIMUR,3523,KABUPATEN TUBAN,2020,KUSTA,81.0,KASUS,2020
100,397100,35,JAWA TIMUR,3524,KABUPATEN LAMONGAN,2020,DEMAM BERDARAH,112.0,KASUS,2020
100,398100,35,JAWA TIMUR,3524,KABUPATEN LAMONGAN,2020,COVID 19,1737.0,KASUS,2020
100,399100,35,JAWA TIMUR,3524,KABUPATEN LAMONGAN,2020,HIV,149.0,KASUS,2020
100,400100,35,JAWA TIMUR,3524,KABUPATEN LAMONGAN,2020,KUSTA,77.0,KASUS,2020
101,401101,35,JAWA TIMUR,3525,KABUPATEN GRESIK,2020,KUSTA,60.0,KASUS,2020
101,402101,35,JAWA TIMUR,3525,KABUPATEN GRESIK,2020,HIV,80.0,KASUS,2020
101,403101,35,JAWA TIMUR,3525,KABUPATEN GRESIK,2020,COVID 19,4163.0,KASUS,2020
101,404101,35,JAWA TIMUR,3525,KABUPATEN GRESIK,2020,DEMAM BERDARAH,84.0,KASUS,2020
102,405102,35,JAWA TIMUR,3526,KABUPATEN BANGKALAN,2020,COVID 19,1000.0,KASUS,2020
102,406102,35,JAWA TIMUR,3526,KABUPATEN BANGKALAN,2020,HIV,22.0,KASUS,2020
102,407102,35,JAWA TIMUR,3526,KABUPATEN BANGKALAN,2020,DEMAM BERDARAH,104.0,KASUS,2020
102,408102,35,JAWA TIMUR,3526,KABUPATEN BANGKALAN,2020,KUSTA,118.0,KASUS,2020
103,409103,35,JAWA TIMUR,3527,KABUPATEN SAMPANG,2020,DEMAM BERDARAH,229.0,KASUS,2020
103,410103,35,JAWA TIMUR,3527,KABUPATEN SAMPANG,2020,KUSTA,177.0,KASUS,2020
103,411103,35,JAWA TIMUR,3527,KABUPATEN SAMPANG,2020,HIV,93.0,KASUS,2020
103,412103,35,JAWA TIMUR,3527,KABUPATEN SAMPANG,2020,COVID 19,519.0,KASUS,2020
104,413104,35,JAWA TIMUR,3528,KABUPATEN PAMEKASAN,2020,COVID 19,770.0,KASUS,2020
104,414104,35,JAWA TIMUR,3528,KABUPATEN PAMEKASAN,2020,DEMAM BERDARAH,187.0,KASUS,2020
104,415104,35,JAWA TIMUR,3528,KABUPATEN PAMEKASAN,2020,KUSTA,162.0,KASUS,2020
104,416104,35,JAWA TIMUR,3528,KABUPATEN PAMEKASAN,2020,HIV,37.0,KASUS,2020
105,417105,35,JAWA TIMUR,3529,KABUPATEN SUMENEP,2020,HIV,14.0,KASUS,2020
105,418105,35,JAWA TIMUR,3529,KABUPATEN SUMENEP,2020,COVID 19,1205.0,KASUS,2020
105,419105,35,JAWA TIMUR,3529,KABUPATEN SUMENEP,2020,DEMAM BERDARAH,129.0,KASUS,2020
105,420105,35,JAWA TIMUR,3529,KABUPATEN SUMENEP,2020,KUSTA,232.0,KASUS,2020
106,421106,35,JAWA TIMUR,3571,KOTA KEDIRI,2020,COVID 19,718.0,KASUS,2020
106,422106,35,JAWA TIMUR,3571,KOTA KEDIRI,2020,HIV,234.0,KASUS,2020
106,423106,35,JAWA TIMUR,3571,KOTA KEDIRI,2020,KUSTA,3.0,KASUS,2020
106,424106,35,JAWA TIMUR,3571,KOTA KEDIRI,2020,DEMAM BERDARAH,160.0,KASUS,2020
107,425107,35,JAWA TIMUR,3572,KOTA BLITAR,2020,KUSTA,0.0,KASUS,2020
107,426107,35,JAWA TIMUR,3572,KOTA BLITAR,2020,DEMAM BERDARAH,85.0,KASUS,2020
107,427107,35,JAWA TIMUR,3572,KOTA BLITAR,2020,COVID 19,667.0,KASUS,2020
107,428107,35,JAWA TIMUR,3572,KOTA BLITAR,2020,HIV,119.0,KASUS,2020
108,429108,35,JAWA TIMUR,3573,KOTA MALANG,2020,DEMAM BERDARAH,304.0,KASUS,2020
108,430108,35,JAWA TIMUR,3573,KOTA MALANG,2020,KUSTA,9.0,KASUS,2020
108,431108,35,JAWA TIMUR,3573,KOTA MALANG,2020,COVID 19,3699.0,KASUS,2020
108,432108,35,JAWA TIMUR,3573,KOTA MALANG,2020,HIV,427.0,KASUS,2020
109,433109,35,JAWA TIMUR,3574,KOTA PROBOLINGGO,2020,KUSTA,7.0,KASUS,2020
109,434109,35,JAWA TIMUR,3574,KOTA PROBOLINGGO,2020,HIV,114.0,KASUS,2020
109,435109,35,JAWA TIMUR,3574,KOTA PROBOLINGGO,2020,COVID 19,1462.0,KASUS,2020
109,436109,35,JAWA TIMUR,3574,KOTA PROBOLINGGO,2020,DEMAM BERDARAH,76.0,KASUS,2020
110,437110,35,JAWA TIMUR,3575,KOTA PASURUAN,2020,COVID 19,1002.0,KASUS,2020
110,438110,35,JAWA TIMUR,3575,KOTA PASURUAN,2020,HIV,51.0,KASUS,2020
110,439110,35,JAWA TIMUR,3575,KOTA PASURUAN,2020,DEMAM BERDARAH,34.0,KASUS,2020
110,440110,35,JAWA TIMUR,3575,KOTA PASURUAN,2020,KUSTA,10.0,KASUS,2020
111,441111,35,JAWA TIMUR,3576,KOTA MOJOKERTO,2020,COVID 19,1026.0,KASUS,2020
111,442111,35,JAWA TIMUR,3576,KOTA MOJOKERTO,2020,DEMAM BERDARAH,11.0,KASUS,2020
111,443111,35,JAWA TIMUR,3576,KOTA MOJOKERTO,2020,HIV,66.0,KASUS,2020
111,444111,35,JAWA TIMUR,3576,KOTA MOJOKERTO,2020,KUSTA,0.0,KASUS,2020
112,445112,35,JAWA TIMUR,3577,KOTA MADIUN,2020,DEMAM BERDARAH,58.0,KASUS,2020
112,446112,35,JAWA TIMUR,3577,KOTA MADIUN,2020,KUSTA,4.0,KASUS,2020
112,447112,35,JAWA TIMUR,3577,KOTA MADIUN,2020,COVID 19,404.0,KASUS,2020
112,448112,35,JAWA TIMUR,3577,KOTA MADIUN,2020,HIV,116.0,KASUS,2020
113,449113,35,JAWA TIMUR,3578,KOTA SURABAYA,2020,KUSTA,47.0,KASUS,2020
113,450113,35,JAWA TIMUR,3578,KOTA SURABAYA,2020,HIV,786.0,KASUS,2020
113,451113,35,JAWA TIMUR,3578,KOTA SURABAYA,2020,COVID 19,18164.0,KASUS,2020
113,452113,35,JAWA TIMUR,3578,KOTA SURABAYA,2020,DEMAM BERDARAH,73.0,KASUS,2020
114,453114,35,JAWA TIMUR,3579,KOTA BATU,2020,KUSTA,0.0,KASUS,2020
114,454114,35,JAWA TIMUR,3579,KOTA BATU,2020,COVID 19,1043.0,KASUS,2020
114,455114,35,JAWA TIMUR,3579,KOTA BATU,2020,DEMAM BERDARAH,61.0,KASUS,2020
114,456114,35,JAWA TIMUR,3579,KOTA BATU,2020,HIV,19.0,KASUS,2020
115,457115,35,JAWA TIMUR,3501,KABUPATEN PACITAN,2021,COVID 19,7408.0,KASUS,2021
115,458115,35,JAWA TIMUR,3501,KABUPATEN PACITAN,2021,DEMAM BERDARAH,167.0,KASUS,2021
115,459115,35,JAWA TIMUR,3501,KABUPATEN PACITAN,2021,HIV,18.0,KASUS,2021
115,460115,35,JAWA TIMUR,3501,KABUPATEN PACITAN,2021,KUSTA,7.0,KASUS,2021
116,461116,35,JAWA TIMUR,3502,KABUPATEN PONOROGO,2021,DEMAM BERDARAH,115.0,KASUS,2021
116,462116,35,JAWA TIMUR,3502,KABUPATEN PONOROGO,2021,COVID 19,11272.0,KASUS,2021
116,463116,35,JAWA TIMUR,3502,KABUPATEN PONOROGO,2021,HIV,77.0,KASUS,2021
116,464116,35,JAWA TIMUR,3502,KABUPATEN PONOROGO,2021,KUSTA,32.0,KASUS,2021
117,465117,35,JAWA TIMUR,3503,KABUPATEN TRENGGALEK,2021,HIV,19.0,KASUS,2021
117,466117,35,JAWA TIMUR,3503,KABUPATEN TRENGGALEK,2021,COVID 19,7216.0,KASUS,2021
117,467117,35,JAWA TIMUR,3503,KABUPATEN TRENGGALEK,2021,KUSTA,6.0,KASUS,2021
117,468117,35,JAWA TIMUR,3503,KABUPATEN TRENGGALEK,2021,DEMAM BERDARAH,90.0,KASUS,2021
118,469118,35,JAWA TIMUR,3504,KABUPATEN TULUNGAGUNG,2021,DEMAM BERDARAH,152.0,KASUS,2021
118,470118,35,JAWA TIMUR,3504,KABUPATEN TULUNGAGUNG,2021,HIV,210.0,KASUS,2021
118,471118,35,JAWA TIMUR,3504,KABUPATEN TULUNGAGUNG,2021,COVID 19,7029.0,KASUS,2021
118,472118,35,JAWA TIMUR,3504,KABUPATEN TULUNGAGUNG,2021,KUSTA,32.0,KASUS,2021
119,473119,35,JAWA TIMUR,3505,KABUPATEN BLITAR,2021,COVID 19,9092.0,KASUS,2021
119,474119,35,JAWA TIMUR,3505,KABUPATEN BLITAR,2021,HIV,60.0,KASUS,2021
119,475119,35,JAWA TIMUR,3505,KABUPATEN BLITAR,2021,KUSTA,4.0,KASUS,2021
119,476119,35,JAWA TIMUR,3505,KABUPATEN BLITAR,2021,DEMAM BERDARAH,105.0,KASUS,2021
120,477120,35,JAWA TIMUR,3506,KABUPATEN KEDIRI,2021,KUSTA,14.0,KASUS,2021
120,478120,35,JAWA TIMUR,3506,KABUPATEN KEDIRI,2021,COVID 19,11713.0,KASUS,2021
120,479120,35,JAWA TIMUR,3506,KABUPATEN KEDIRI,2021,DEMAM BERDARAH,271.0,KASUS,2021
120,480120,35,JAWA TIMUR,3506,KABUPATEN KEDIRI,2021,HIV,135.0,KASUS,2021
121,481121,35,JAWA TIMUR,3507,KABUPATEN MALANG,2021,KUSTA,21.0,KASUS,2021
121,482121,35,JAWA TIMUR,3507,KABUPATEN MALANG,2021,DEMAM BERDARAH,259.0,KASUS,2021
121,483121,35,JAWA TIMUR,3507,KABUPATEN MALANG,2021,COVID 19,13045.0,KASUS,2021
121,484121,35,JAWA TIMUR,3507,KABUPATEN MALANG,2021,HIV,261.0,KASUS,2021
122,485122,35,JAWA TIMUR,3508,KABUPATEN LUMAJANG,2021,DEMAM BERDARAH,75.0,KASUS,2021
122,486122,35,JAWA TIMUR,3508,KABUPATEN LUMAJANG,2021,COVID 19,6398.0,KASUS,2021
122,487122,35,JAWA TIMUR,3508,KABUPATEN LUMAJANG,2021,HIV,230.0,KASUS,2021
122,488122,35,JAWA TIMUR,3508,KABUPATEN LUMAJANG,2021,KUSTA,110.0,KASUS,2021
123,489123,35,JAWA TIMUR,3509,KABUPATEN JEMBER,2021,DEMAM BERDARAH,392.0,KASUS,2021
123,490123,35,JAWA TIMUR,3509,KABUPATEN JEMBER,2021,KUSTA,111.0,KASUS,2021
123,491123,35,JAWA TIMUR,3509,KABUPATEN JEMBER,2021,COVID 19,11788.0,KASUS,2021
123,492123,35,JAWA TIMUR,3509,KABUPATEN JEMBER,2021,HIV,638.0,KASUS,2021
124,493124,35,JAWA TIMUR,3510,KABUPATEN BANYUWANGI,2021,HIV,487.0,KASUS,2021
124,494124,35,JAWA TIMUR,3510,KABUPATEN BANYUWANGI,2021,COVID 19,9602.0,KASUS,2021
124,495124,35,JAWA TIMUR,3510,KABUPATEN BANYUWANGI,2021,KUSTA,23.0,KASUS,2021
124,496124,35,JAWA TIMUR,3510,KABUPATEN BANYUWANGI,2021,DEMAM BERDARAH,80.0,KASUS,2021
125,497125,35,JAWA TIMUR,3511,KABUPATEN BONDOWOSO,2021,KUSTA,24.0,KASUS,2021
125,498125,35,JAWA TIMUR,3511,KABUPATEN BONDOWOSO,2021,DEMAM BERDARAH,148.0,KASUS,2021
125,499125,35,JAWA TIMUR,3511,KABUPATEN BONDOWOSO,2021,COVID 19,4931.0,KASUS,2021
125,500125,35,JAWA TIMUR,3511,KABUPATEN BONDOWOSO,2021,HIV,93.0,KASUS,2021
126,501126,35,JAWA TIMUR,3512,KABUPATEN SITUBONDO,2021,HIV,116.0,KASUS,2021
126,502126,35,JAWA TIMUR,3512,KABUPATEN SITUBONDO,2021,COVID 19,5457.0,KASUS,2021
126,503126,35,JAWA TIMUR,3512,KABUPATEN SITUBONDO,2021,DEMAM BERDARAH,475.0,KASUS,2021
126,504126,35,JAWA TIMUR,3512,KABUPATEN SITUBONDO,2021,KUSTA,46.0,KASUS,2021
127,505127,35,JAWA TIMUR,3513,KABUPATEN PROBOLINGGO,2021,KUSTA,73.0,KASUS,2021
127,506127,35,JAWA TIMUR,3513,KABUPATEN PROBOLINGGO,2021,HIV,61.0,KASUS,2021
127,507127,35,JAWA TIMUR,3513,KABUPATEN PROBOLINGGO,2021,COVID 19,5010.0,KASUS,2021
127,508127,35,JAWA TIMUR,3513,KABUPATEN PROBOLINGGO,2021,DEMAM BERDARAH,191.0,KASUS,2021
128,509128,35,JAWA TIMUR,3514,KABUPATEN PASURUAN,2021,COVID 19,6313.0,KASUS,2021
128,510128,35,JAWA TIMUR,3514,KABUPATEN PASURUAN,2021,HIV,243.0,KASUS,2021
128,511128,35,JAWA TIMUR,3514,KABUPATEN PASURUAN,2021,DEMAM BERDARAH,163.0,KASUS,2021
128,512128,35,JAWA TIMUR,3514,KABUPATEN PASURUAN,2021,KUSTA,96.0,KASUS,2021
129,513129,35,JAWA TIMUR,3515,KABUPATEN SIDOARJO,2021,HIV,469.0,KASUS,2021
129,514129,35,JAWA TIMUR,3515,KABUPATEN SIDOARJO,2021,KUSTA,35.0,KASUS,2021
129,515129,35,JAWA TIMUR,3515,KABUPATEN SIDOARJO,2021,DEMAM BERDARAH,330.0,KASUS,2021
129,516129,35,JAWA TIMUR,3515,KABUPATEN SIDOARJO,2021,COVID 19,17263.0,KASUS,2021
130,517130,35,JAWA TIMUR,3516,KABUPATEN MOJOKERTO,2021,COVID 19,6612.0,KASUS,2021
130,518130,35,JAWA TIMUR,3516,KABUPATEN MOJOKERTO,2021,HIV,50.0,KASUS,2021
130,519130,35,JAWA TIMUR,3516,KABUPATEN MOJOKERTO,2021,KUSTA,16.0,KASUS,2021
130,520130,35,JAWA TIMUR,3516,KABUPATEN MOJOKERTO,2021,DEMAM BERDARAH,70.0,KASUS,2021
131,521131,35,JAWA TIMUR,3517,KABUPATEN JOMBANG,2021,COVID 19,10099.0,KASUS,2021
131,522131,35,JAWA TIMUR,3517,KABUPATEN JOMBANG,2021,HIV,155.0,KASUS,2021
131,523131,35,JAWA TIMUR,3517,KABUPATEN JOMBANG,2021,DEMAM BERDARAH,68.0,KASUS,2021
131,524131,35,JAWA TIMUR,3517,KABUPATEN JOMBANG,2021,KUSTA,38.0,KASUS,2021
132,525132,35,JAWA TIMUR,3518,KABUPATEN NGANJUK,2021,KUSTA,11.0,KASUS,2021
132,526132,35,JAWA TIMUR,3518,KABUPATEN NGANJUK,2021,DEMAM BERDARAH,175.0,KASUS,2021
132,527132,35,JAWA TIMUR,3518,KABUPATEN NGANJUK,2021,HIV,164.0,KASUS,2021
132,528132,35,JAWA TIMUR,3518,KABUPATEN NGANJUK,2021,COVID 19,11705.0,KASUS,2021
133,529133,35,JAWA TIMUR,3519,KABUPATEN MADIUN,2021,DEMAM BERDARAH,119.0,KASUS,2021
133,530133,35,JAWA TIMUR,3519,KABUPATEN MADIUN,2021,COVID 19,8457.0,KASUS,2021
133,531133,35,JAWA TIMUR,3519,KABUPATEN MADIUN,2021,KUSTA,15.0,KASUS,2021
133,532133,35,JAWA TIMUR,3519,KABUPATEN MADIUN,2021,HIV,86.0,KASUS,2021
134,533134,35,JAWA TIMUR,3520,KABUPATEN MAGETAN,2021,HIV,58.0,KASUS,2021
134,534134,35,JAWA TIMUR,3520,KABUPATEN MAGETAN,2021,COVID 19,9613.0,KASUS,2021
134,535134,35,JAWA TIMUR,3520,KABUPATEN MAGETAN,2021,KUSTA,19.0,KASUS,2021
134,536134,35,JAWA TIMUR,3520,KABUPATEN MAGETAN,2021,DEMAM BERDARAH,208.0,KASUS,2021
135,537135,35,JAWA TIMUR,3521,KABUPATEN NGAWI,2021,COVID 19,7614.0,KASUS,2021
135,538135,35,JAWA TIMUR,3521,KABUPATEN NGAWI,2021,DEMAM BERDARAH,191.0,KASUS,2021
135,539135,35,JAWA TIMUR,3521,KABUPATEN NGAWI,2021,HIV,65.0,KASUS,2021
135,540135,35,JAWA TIMUR,3521,KABUPATEN NGAWI,2021,KUSTA,25.0,KASUS,2021
136,541136,35,JAWA TIMUR,3522,KABUPATEN BOJONEGORO,2021,HIV,212.0,KASUS,2021
136,542136,35,JAWA TIMUR,3522,KABUPATEN BOJONEGORO,2021,COVID 19,5827.0,KASUS,2021
136,543136,35,JAWA TIMUR,3522,KABUPATEN BOJONEGORO,2021,DEMAM BERDARAH,323.0,KASUS,2021
136,544136,35,JAWA TIMUR,3522,KABUPATEN BOJONEGORO,2021,KUSTA,43.0,KASUS,2021
137,545137,35,JAWA TIMUR,3523,KABUPATEN TUBAN,2021,HIV,55.0,KASUS,2021
137,546137,35,JAWA TIMUR,3523,KABUPATEN TUBAN,2021,KUSTA,99.0,KASUS,2021
137,547137,35,JAWA TIMUR,3523,KABUPATEN TUBAN,2021,COVID 19,5779.0,KASUS,2021
137,548137,35,JAWA TIMUR,3523,KABUPATEN TUBAN,2021,DEMAM BERDARAH,223.0,KASUS,2021
138,549138,35,JAWA TIMUR,3524,KABUPATEN LAMONGAN,2021,COVID 19,4975.0,KASUS,2021
138,550138,35,JAWA TIMUR,3524,KABUPATEN LAMONGAN,2021,KUSTA,72.0,KASUS,2021
138,551138,35,JAWA TIMUR,3524,KABUPATEN LAMONGAN,2021,DEMAM BERDARAH,136.0,KASUS,2021
138,552138,35,JAWA TIMUR,3524,KABUPATEN LAMONGAN,2021,HIV,153.0,KASUS,2021
139,553139,35,JAWA TIMUR,3525,KABUPATEN GRESIK,2021,HIV,58.0,KASUS,2021
139,554139,35,JAWA TIMUR,3525,KABUPATEN GRESIK,2021,DEMAM BERDARAH,191.0,KASUS,2021
139,555139,35,JAWA TIMUR,3525,KABUPATEN GRESIK,2021,KUSTA,69.0,KASUS,2021
139,556139,35,JAWA TIMUR,3525,KABUPATEN GRESIK,2021,COVID 19,9338.0,KASUS,2021
140,557140,35,JAWA TIMUR,3526,KABUPATEN BANGKALAN,2021,KUSTA,100.0,KASUS,2021
140,558140,35,JAWA TIMUR,3526,KABUPATEN BANGKALAN,2021,COVID 19,5250.0,KASUS,2021
140,559140,35,JAWA TIMUR,3526,KABUPATEN BANGKALAN,2021,DEMAM BERDARAH,112.0,KASUS,2021
140,560140,35,JAWA TIMUR,3526,KABUPATEN BANGKALAN,2021,HIV,28.0,KASUS,2021
141,561141,35,JAWA TIMUR,3527,KABUPATEN SAMPANG,2021,HIV,22.0,KASUS,2021
141,562141,35,JAWA TIMUR,3527,KABUPATEN SAMPANG,2021,DEMAM BERDARAH,214.0,KASUS,2021
141,563141,35,JAWA TIMUR,3527,KABUPATEN SAMPANG,2021,COVID 19,2285.0,KASUS,2021
141,564141,35,JAWA TIMUR,3527,KABUPATEN SAMPANG,2021,KUSTA,386.0,KASUS,2021
142,565142,35,JAWA TIMUR,3528,KABUPATEN PAMEKASAN,2021,KUSTA,166.0,KASUS,2021
142,566142,35,JAWA TIMUR,3528,KABUPATEN PAMEKASAN,2021,COVID 19,1833.0,KASUS,2021
142,567142,35,JAWA TIMUR,3528,KABUPATEN PAMEKASAN,2021,DEMAM BERDARAH,156.0,KASUS,2021
142,568142,35,JAWA TIMUR,3528,KABUPATEN PAMEKASAN,2021,HIV,35.0,KASUS,2021
143,569143,35,JAWA TIMUR,3529,KABUPATEN SUMENEP,2021,DEMAM BERDARAH,141.0,KASUS,2021
143,570143,35,JAWA TIMUR,3529,KABUPATEN SUMENEP,2021,HIV,24.0,KASUS,2021
143,571143,35,JAWA TIMUR,3529,KABUPATEN SUMENEP,2021,COVID 19,3972.0,KASUS,2021
143,572143,35,JAWA TIMUR,3529,KABUPATEN SUMENEP,2021,KUSTA,176.0,KASUS,2021
144,573144,35,JAWA TIMUR,3571,KOTA KEDIRI,2021,DEMAM BERDARAH,121.0,KASUS,2021
144,574144,35,JAWA TIMUR,3571,KOTA KEDIRI,2021,COVID 19,3314.0,KASUS,2021
144,575144,35,JAWA TIMUR,3571,KOTA KEDIRI,2021,KUSTA,2.0,KASUS,2021
144,576144,35,JAWA TIMUR,3571,KOTA KEDIRI,2021,HIV,205.0,KASUS,2021
145,577145,35,JAWA TIMUR,3572,KOTA BLITAR,2021,HIV,88.0,KASUS,2021
145,578145,35,JAWA TIMUR,3572,KOTA BLITAR,2021,KUSTA,0.0,KASUS,2021
145,579145,35,JAWA TIMUR,3572,KOTA BLITAR,2021,COVID 19,6339.0,KASUS,2021
145,580145,35,JAWA TIMUR,3572,KOTA BLITAR,2021,DEMAM BERDARAH,41.0,KASUS,2021
146,581146,35,JAWA TIMUR,3573,KOTA MALANG,2021,COVID 19,11953.0,KASUS,2021
146,582146,35,JAWA TIMUR,3573,KOTA MALANG,2021,DEMAM BERDARAH,220.0,KASUS,2021
146,583146,35,JAWA TIMUR,3573,KOTA MALANG,2021,KUSTA,18.0,KASUS,2021
146,584146,35,JAWA TIMUR,3573,KOTA MALANG,2021,HIV,324.0,KASUS,2021
147,585147,35,JAWA TIMUR,3574,KOTA PROBOLINGGO,2021,HIV,60.0,KASUS,2021
147,586147,35,JAWA TIMUR,3574,KOTA PROBOLINGGO,2021,KUSTA,14.0,KASUS,2021
147,587147,35,JAWA TIMUR,3574,KOTA PROBOLINGGO,2021,DEMAM BERDARAH,153.0,KASUS,2021
147,588147,35,JAWA TIMUR,3574,KOTA PROBOLINGGO,2021,COVID 19,3244.0,KASUS,2021
148,589148,35,JAWA TIMUR,3575,KOTA PASURUAN,2021,COVID 19,2940.0,KASUS,2021
148,590148,35,JAWA TIMUR,3575,KOTA PASURUAN,2021,KUSTA,8.0,KASUS,2021
148,591148,35,JAWA TIMUR,3575,KOTA PASURUAN,2021,HIV,36.0,KASUS,2021
148,592148,35,JAWA TIMUR,3575,KOTA PASURUAN,2021,DEMAM BERDARAH,105.0,KASUS,2021
149,593149,35,JAWA TIMUR,3576,KOTA MOJOKERTO,2021,KUSTA,4.0,KASUS,2021
149,594149,35,JAWA TIMUR,3576,KOTA MOJOKERTO,2021,COVID 19,3369.0,KASUS,2021
149,595149,35,JAWA TIMUR,3576,KOTA MOJOKERTO,2021,DEMAM BERDARAH,35.0,KASUS,2021
149,596149,35,JAWA TIMUR,3576,KOTA MOJOKERTO,2021,HIV,83.0,KASUS,2021
150,597150,35,JAWA TIMUR,3577,KOTA MADIUN,2021,COVID 19,6866.0,KASUS,2021
150,598150,35,JAWA TIMUR,3577,KOTA MADIUN,2021,DEMAM BERDARAH,48.0,KASUS,2021
150,599150,35,JAWA TIMUR,3577,KOTA MADIUN,2021,KUSTA,3.0,KASUS,2021
150,600150,35,JAWA TIMUR,3577,KOTA MADIUN,2021,HIV,87.0,KASUS,2021
151,601151,35,JAWA TIMUR,3578,KOTA SURABAYA,2021,COVID 19,48914.0,KASUS,2021
151,602151,35,JAWA TIMUR,3578,KOTA SURABAYA,2021,HIV,692.0,KASUS,2021
151,603151,35,JAWA TIMUR,3578,KOTA SURABAYA,2021,KUSTA,58.0,KASUS,2021
151,604151,35,JAWA TIMUR,3578,KOTA SURABAYA,2021,DEMAM BERDARAH,111.0,KASUS,2021
152,605152,35,JAWA TIMUR,3579,KOTA BATU,2021,KUSTA,5.0,KASUS,2021
152,606152,35,JAWA TIMUR,3579,KOTA BATU,2021,COVID 19,2078.0,KASUS,2021
152,607152,35,JAWA TIMUR,3579,KOTA BATU,2021,DEMAM BERDARAH,18.0,KASUS,2021
152,608152,35,JAWA TIMUR,3579,KOTA BATU,2021,HIV,18.0,KASUS,2021
153,609153,35,JAWA TIMUR,3501,KABUPATEN PACITAN,2022,KUSTA,4.0,KASUS,2022
153,610153,35,JAWA TIMUR,3501,KABUPATEN PACITAN,2022,DEMAM BERDARAH,298.0,KASUS,2022
153,611153,35,JAWA TIMUR,3501,KABUPATEN PACITAN,2022,COVID 19,1912.0,KASUS,2022
153,612153,35,JAWA TIMUR,3501,KABUPATEN PACITAN,2022,HIV,21.0,KASUS,2022
154,613154,35,JAWA TIMUR,3502,KABUPATEN PONOROGO,2022,KUSTA,23.0,KASUS,2022
154,614154,35,JAWA TIMUR,3502,KABUPATEN PONOROGO,2022,HIV,80.0,KASUS,2022
154,615154,35,JAWA TIMUR,3502,KABUPATEN PONOROGO,2022,DEMAM BERDARAH,310.0,KASUS,2022
154,616154,35,JAWA TIMUR,3502,KABUPATEN PONOROGO,2022,COVID 19,2703.0,KASUS,2022
155,617155,35,JAWA TIMUR,3503,KABUPATEN TRENGGALEK,2022,DEMAM BERDARAH,270.0,KASUS,2022
155,618155,35,JAWA TIMUR,3503,KABUPATEN TRENGGALEK,2022,KUSTA,15.0,KASUS,2022
155,619155,35,JAWA TIMUR,3503,KABUPATEN TRENGGALEK,2022,HIV,64.0,KASUS,2022
155,620155,35,JAWA TIMUR,3503,KABUPATEN TRENGGALEK,2022,COVID 19,1964.0,KASUS,2022
156,621156,35,JAWA TIMUR,3504,KABUPATEN TULUNGAGUNG,2022,COVID 19,2724.0,KASUS,2022
156,622156,35,JAWA TIMUR,3504,KABUPATEN TULUNGAGUNG,2022,HIV,265.0,KASUS,2022
156,623156,35,JAWA TIMUR,3504,KABUPATEN TULUNGAGUNG,2022,KUSTA,21.0,KASUS,2022
156,624156,35,JAWA TIMUR,3504,KABUPATEN TULUNGAGUNG,2022,DEMAM BERDARAH,414.0,KASUS,2022
157,625157,35,JAWA TIMUR,3505,KABUPATEN BLITAR,2022,DEMAM BERDARAH,354.0,KASUS,2022
157,626157,35,JAWA TIMUR,3505,KABUPATEN BLITAR,2022,KUSTA,6.0,KASUS,2022
157,627157,35,JAWA TIMUR,3505,KABUPATEN BLITAR,2022,HIV,140.0,KASUS,2022
157,628157,35,JAWA TIMUR,3505,KABUPATEN BLITAR,2022,COVID 19,2779.0,KASUS,2022
158,629158,35,JAWA TIMUR,3506,KABUPATEN KEDIRI,2022,HIV,237.0,KASUS,2022
158,630158,35,JAWA TIMUR,3506,KABUPATEN KEDIRI,2022,KUSTA,15.0,KASUS,2022
158,631158,35,JAWA TIMUR,3506,KABUPATEN KEDIRI,2022,DEMAM BERDARAH,369.0,KASUS,2022
158,632158,35,JAWA TIMUR,3506,KABUPATEN KEDIRI,2022,COVID 19,8448.0,KASUS,2022
159,633159,35,JAWA TIMUR,3507,KABUPATEN MALANG,2022,KUSTA,43.0,KASUS,2022
159,634159,35,JAWA TIMUR,3507,KABUPATEN MALANG,2022,HIV,362.0,KASUS,2022
159,635159,35,JAWA TIMUR,3507,KABUPATEN MALANG,2022,COVID 19,13646.0,KASUS,2022
159,636159,35,JAWA TIMUR,3507,KABUPATEN MALANG,2022,DEMAM BERDARAH,1295.0,KASUS,2022
160,637160,35,JAWA TIMUR,3508,KABUPATEN LUMAJANG,2022,KUSTA,95.0,KASUS,2022
160,638160,35,JAWA TIMUR,3508,KABUPATEN LUMAJANG,2022,DEMAM BERDARAH,309.0,KASUS,2022
160,639160,35,JAWA TIMUR,3508,KABUPATEN LUMAJANG,2022,COVID 19,2957.0,KASUS,2022
160,640160,35,JAWA TIMUR,3508,KABUPATEN LUMAJANG,2022,HIV,484.0,KASUS,2022
161,641161,35,JAWA TIMUR,3509,KABUPATEN JEMBER,2022,DEMAM BERDARAH,789.0,KASUS,2022
161,642161,35,JAWA TIMUR,3509,KABUPATEN JEMBER,2022,HIV,794.0,KASUS,2022
161,643161,35,JAWA TIMUR,3509,KABUPATEN JEMBER,2022,COVID 19,5995.0,KASUS,2022
161,644161,35,JAWA TIMUR,3509,KABUPATEN JEMBER,2022,KUSTA,128.0,KASUS,2022
162,645162,35,JAWA TIMUR,3510,KABUPATEN BANYUWANGI,2022,COVID 19,6523.0,KASUS,2022
162,646162,35,JAWA TIMUR,3510,KABUPATEN BANYUWANGI,2022,KUSTA,40.0,KASUS,2022
162,647162,35,JAWA TIMUR,3510,KABUPATEN BANYUWANGI,2022,HIV,528.0,KASUS,2022
162,648162,35,JAWA TIMUR,3510,KABUPATEN BANYUWANGI,2022,DEMAM BERDARAH,531.0,KASUS,2022
163,649163,35,JAWA TIMUR,3511,KABUPATEN BONDOWOSO,2022,HIV,133.0,KASUS,2022
163,650163,35,JAWA TIMUR,3511,KABUPATEN BONDOWOSO,2022,COVID 19,2261.0,KASUS,2022
163,651163,35,JAWA TIMUR,3511,KABUPATEN BONDOWOSO,2022,DEMAM BERDARAH,224.0,KASUS,2022
163,652163,35,JAWA TIMUR,3511,KABUPATEN BONDOWOSO,2022,KUSTA,36.0,KASUS,2022
164,653164,35,JAWA TIMUR,3512,KABUPATEN SITUBONDO,2022,HIV,228.0,KASUS,2022
164,654164,35,JAWA TIMUR,3512,KABUPATEN SITUBONDO,2022,DEMAM BERDARAH,324.0,KASUS,2022
164,655164,35,JAWA TIMUR,3512,KABUPATEN SITUBONDO,2022,COVID 19,1885.0,KASUS,2022
164,656164,35,JAWA TIMUR,3512,KABUPATEN SITUBONDO,2022,KUSTA,64.0,KASUS,2022
165,657165,35,JAWA TIMUR,3513,KABUPATEN PROBOLINGGO,2022,DEMAM BERDARAH,299.0,KASUS,2022
165,658165,35,JAWA TIMUR,3513,KABUPATEN PROBOLINGGO,2022,COVID 19,1999.0,KASUS,2022
165,659165,35,JAWA TIMUR,3513,KABUPATEN PROBOLINGGO,2022,HIV,275.0,KASUS,2022
165,660165,35,JAWA TIMUR,3513,KABUPATEN PROBOLINGGO,2022,KUSTA,120.0,KASUS,2022
166,661166,35,JAWA TIMUR,3514,KABUPATEN PASURUAN,2022,COVID 19,4209.0,KASUS,2022
166,662166,35,JAWA TIMUR,3514,KABUPATEN PASURUAN,2022,HIV,492.0,KASUS,2022
166,663166,35,JAWA TIMUR,3514,KABUPATEN PASURUAN,2022,DEMAM BERDARAH,516.0,KASUS,2022
166,664166,35,JAWA TIMUR,3514,KABUPATEN PASURUAN,2022,KUSTA,126.0,KASUS,2022
167,665167,35,JAWA TIMUR,3515,KABUPATEN SIDOARJO,2022,DEMAM BERDARAH,308.0,KASUS,2022
167,666167,35,JAWA TIMUR,3515,KABUPATEN SIDOARJO,2022,KUSTA,52.0,KASUS,2022
167,667167,35,JAWA TIMUR,3515,KABUPATEN SIDOARJO,2022,HIV,693.0,KASUS,2022
167,668167,35,JAWA TIMUR,3515,KABUPATEN SIDOARJO,2022,COVID 19,24967.0,KASUS,2022
168,669168,35,JAWA TIMUR,3516,KABUPATEN MOJOKERTO,2022,KUSTA,16.0,KASUS,2022
168,670168,35,JAWA TIMUR,3516,KABUPATEN MOJOKERTO,2022,DEMAM BERDARAH,181.0,KASUS,2022
168,671168,35,JAWA TIMUR,3516,KABUPATEN MOJOKERTO,2022,COVID 19,3907.0,KASUS,2022
168,672168,35,JAWA TIMUR,3516,KABUPATEN MOJOKERTO,2022,HIV,162.0,KASUS,2022
169,673169,35,JAWA TIMUR,3517,KABUPATEN JOMBANG,2022,HIV,243.0,KASUS,2022
169,674169,35,JAWA TIMUR,3517,KABUPATEN JOMBANG,2022,COVID 19,5384.0,KASUS,2022
169,675169,35,JAWA TIMUR,3517,KABUPATEN JOMBANG,2022,DEMAM BERDARAH,134.0,KASUS,2022
169,676169,35,JAWA TIMUR,3517,KABUPATEN JOMBANG,2022,KUSTA,37.0,KASUS,2022
170,677170,35,JAWA TIMUR,3518,KABUPATEN NGANJUK,2022,DEMAM BERDARAH,537.0,KASUS,2022
170,678170,35,JAWA TIMUR,3518,KABUPATEN NGANJUK,2022,KUSTA,27.0,KASUS,2022
170,679170,35,JAWA TIMUR,3518,KABUPATEN NGANJUK,2022,HIV,303.0,KASUS,2022
170,680170,35,JAWA TIMUR,3518,KABUPATEN NGANJUK,2022,COVID 19,4634.0,KASUS,2022
171,681171,35,JAWA TIMUR,3519,KABUPATEN MADIUN,2022,COVID 19,2774.0,KASUS,2022
171,682171,35,JAWA TIMUR,3519,KABUPATEN MADIUN,2022,HIV,126.0,KASUS,2022
171,683171,35,JAWA TIMUR,3519,KABUPATEN MADIUN,2022,KUSTA,11.0,KASUS,2022
171,684171,35,JAWA TIMUR,3519,KABUPATEN MADIUN,2022,DEMAM BERDARAH,276.0,KASUS,2022
172,685172,35,JAWA TIMUR,3520,KABUPATEN MAGETAN,2022,COVID 19,3004.0,KASUS,2022
172,686172,35,JAWA TIMUR,3520,KABUPATEN MAGETAN,2022,HIV,114.0,KASUS,2022
172,687172,35,JAWA TIMUR,3520,KABUPATEN MAGETAN,2022,KUSTA,19.0,KASUS,2022
172,688172,35,JAWA TIMUR,3520,KABUPATEN MAGETAN,2022,DEMAM BERDARAH,322.0,KASUS,2022
173,689173,35,JAWA TIMUR,3521,KABUPATEN NGAWI,2022,HIV,114.0,KASUS,2022
173,690173,35,JAWA TIMUR,3521,KABUPATEN NGAWI,2022,KUSTA,26.0,KASUS,2022
173,691173,35,JAWA TIMUR,3521,KABUPATEN NGAWI,2022,DEMAM BERDARAH,676.0,KASUS,2022
173,692173,35,JAWA TIMUR,3521,KABUPATEN NGAWI,2022,COVID 19,2903.0,KASUS,2022
174,693174,35,JAWA TIMUR,3522,KABUPATEN BOJONEGORO,2022,KUSTA,44.0,KASUS,2022
174,694174,35,JAWA TIMUR,3522,KABUPATEN BOJONEGORO,2022,HIV,303.0,KASUS,2022
174,695174,35,JAWA TIMUR,3522,KABUPATEN BOJONEGORO,2022,COVID 19,3114.0,KASUS,2022
174,696174,35,JAWA TIMUR,3522,KABUPATEN BOJONEGORO,2022,DEMAM BERDARAH,377.0,KASUS,2022
175,697175,35,JAWA TIMUR,3523,KABUPATEN TUBAN,2022,HIV,198.0,KASUS,2022
175,698175,35,JAWA TIMUR,3523,KABUPATEN TUBAN,2022,DEMAM BERDARAH,658.0,KASUS,2022
175,699175,35,JAWA TIMUR,3523,KABUPATEN TUBAN,2022,KUSTA,128.0,KASUS,2022
175,700175,35,JAWA TIMUR,3523,KABUPATEN TUBAN,2022,COVID 19,2108.0,KASUS,2022
176,701176,35,JAWA TIMUR,3524,KABUPATEN LAMONGAN,2022,DEMAM BERDARAH,405.0,KASUS,2022
176,702176,35,JAWA TIMUR,3524,KABUPATEN LAMONGAN,2022,HIV,208.0,KASUS,2022
176,703176,35,JAWA TIMUR,3524,KABUPATEN LAMONGAN,2022,COVID 19,2815.0,KASUS,2022
176,704176,35,JAWA TIMUR,3524,KABUPATEN LAMONGAN,2022,KUSTA,67.0,KASUS,2022
177,705177,35,JAWA TIMUR,3525,KABUPATEN GRESIK,2022,DEMAM BERDARAH,266.0,KASUS,2022
177,706177,35,JAWA TIMUR,3525,KABUPATEN GRESIK,2022,KUSTA,61.0,KASUS,2022
177,707177,35,JAWA TIMUR,3525,KABUPATEN GRESIK,2022,HIV,194.0,KASUS,2022
177,708177,35,JAWA TIMUR,3525,KABUPATEN GRESIK,2022,COVID 19,9492.0,KASUS,2022
178,709178,35,JAWA TIMUR,3526,KABUPATEN BANGKALAN,2022,DEMAM BERDARAH,162.0,KASUS,2022
178,710178,35,JAWA TIMUR,3526,KABUPATEN BANGKALAN,2022,COVID 19,1727.0,KASUS,2022
178,711178,35,JAWA TIMUR,3526,KABUPATEN BANGKALAN,2022,KUSTA,174.0,KASUS,2022
178,712178,35,JAWA TIMUR,3526,KABUPATEN BANGKALAN,2022,HIV,54.0,KASUS,2022
179,713179,35,JAWA TIMUR,3527,KABUPATEN SAMPANG,2022,HIV,37.0,KASUS,2022
179,714179,35,JAWA TIMUR,3527,KABUPATEN SAMPANG,2022,KUSTA,299.0,KASUS,2022
179,715179,35,JAWA TIMUR,3527,KABUPATEN SAMPANG,2022,COVID 19,930.0,KASUS,2022
179,716179,35,JAWA TIMUR,3527,KABUPATEN SAMPANG,2022,DEMAM BERDARAH,371.0,KASUS,2022
180,717180,35,JAWA TIMUR,3528,KABUPATEN PAMEKASAN,2022,KUSTA,209.0,KASUS,2022
180,718180,35,JAWA TIMUR,3528,KABUPATEN PAMEKASAN,2022,HIV,93.0,KASUS,2022
180,719180,35,JAWA TIMUR,3528,KABUPATEN PAMEKASAN,2022,DEMAM BERDARAH,277.0,KASUS,2022
180,720180,35,JAWA TIMUR,3528,KABUPATEN PAMEKASAN,2022,COVID 19,728.0,KASUS,2022
181,721181,35,JAWA TIMUR,3529,KABUPATEN SUMENEP,2022,DEMAM BERDARAH,227.0,KASUS,2022
181,722181,35,JAWA TIMUR,3529,KABUPATEN SUMENEP,2022,COVID 19,1410.0,KASUS,2022
181,723181,35,JAWA TIMUR,3529,KABUPATEN SUMENEP,2022,HIV,70.0,KASUS,2022
181,724181,35,JAWA TIMUR,3529,KABUPATEN SUMENEP,2022,KUSTA,246.0,KASUS,2022
182,725182,35,JAWA TIMUR,3571,KOTA KEDIRI,2022,COVID 19,2206.0,KASUS,2022
182,726182,35,JAWA TIMUR,3571,KOTA KEDIRI,2022,DEMAM BERDARAH,89.0,KASUS,2022
182,727182,35,JAWA TIMUR,3571,KOTA KEDIRI,2022,KUSTA,0.0,KASUS,2022
182,728182,35,JAWA TIMUR,3571,KOTA KEDIRI,2022,HIV,274.0,KASUS,2022
183,729183,35,JAWA TIMUR,3572,KOTA BLITAR,2022,HIV,97.0,KASUS,2022
183,730183,35,JAWA TIMUR,3572,KOTA BLITAR,2022,KUSTA,1.0,KASUS,2022
183,731183,35,JAWA TIMUR,3572,KOTA BLITAR,2022,COVID 19,1015.0,KASUS,2022
183,732183,35,JAWA TIMUR,3572,KOTA BLITAR,2022,DEMAM BERDARAH,94.0,KASUS,2022
184,733184,35,JAWA TIMUR,3573,KOTA MALANG,2022,COVID 19,16431.0,KASUS,2022
184,734184,35,JAWA TIMUR,3573,KOTA MALANG,2022,KUSTA,13.0,KASUS,2022
184,735184,35,JAWA TIMUR,3573,KOTA MALANG,2022,HIV,476.0,KASUS,2022
184,736184,35,JAWA TIMUR,3573,KOTA MALANG,2022,DEMAM BERDARAH,573.0,KASUS,2022
185,737185,35,JAWA TIMUR,3574,KOTA PROBOLINGGO,2022,COVID 19,1211.0,KASUS,2022
185,738185,35,JAWA TIMUR,3574,KOTA PROBOLINGGO,2022,DEMAM BERDARAH,227.0,KASUS,2022
185,739185,35,JAWA TIMUR,3574,KOTA PROBOLINGGO,2022,KUSTA,16.0,KASUS,2022
185,740185,35,JAWA TIMUR,3574,KOTA PROBOLINGGO,2022,HIV,95.0,KASUS,2022
186,741186,35,JAWA TIMUR,3575,KOTA PASURUAN,2022,HIV,52.0,KASUS,2022
186,742186,35,JAWA TIMUR,3575,KOTA PASURUAN,2022,KUSTA,13.0,KASUS,2022
186,743186,35,JAWA TIMUR,3575,KOTA PASURUAN,2022,DEMAM BERDARAH,251.0,KASUS,2022
186,744186,35,JAWA TIMUR,3575,KOTA PASURUAN,2022,COVID 19,1209.0,KASUS,2022
187,745187,35,JAWA TIMUR,3576,KOTA MOJOKERTO,2022,DEMAM BERDARAH,57.0,KASUS,2022
187,746187,35,JAWA TIMUR,3576,KOTA MOJOKERTO,2022,HIV,83.0,KASUS,2022
187,747187,35,JAWA TIMUR,3576,KOTA MOJOKERTO,2022,COVID 19,1092.0,KASUS,2022
187,748187,35,JAWA TIMUR,3576,KOTA MOJOKERTO,2022,KUSTA,6.0,KASUS,2022
188,749188,35,JAWA TIMUR,3577,KOTA MADIUN,2022,DEMAM BERDARAH,214.0,KASUS,2022
188,750188,35,JAWA TIMUR,3577,KOTA MADIUN,2022,HIV,148.0,KASUS,2022
188,751188,35,JAWA TIMUR,3577,KOTA MADIUN,2022,COVID 19,3496.0,KASUS,2022
188,752188,35,JAWA TIMUR,3577,KOTA MADIUN,2022,KUSTA,2.0,KASUS,2022
189,753189,35,JAWA TIMUR,3578,KOTA SURABAYA,2022,DEMAM BERDARAH,196.0,KASUS,2022
189,754189,35,JAWA TIMUR,3578,KOTA SURABAYA,2022,COVID 19,77739.0,KASUS,2022
189,755189,35,JAWA TIMUR,3578,KOTA SURABAYA,2022,KUSTA,114.0,KASUS,2022
189,756189,35,JAWA TIMUR,3578,KOTA SURABAYA,2022,HIV,885.0,KASUS,2022
190,757190,35,JAWA TIMUR,3579,KOTA BATU,2022,HIV,16.0,KASUS,2022
190,758190,35,JAWA TIMUR,3579,KOTA BATU,2022,COVID 19,2287.0,KASUS,2022
190,759190,35,JAWA TIMUR,3579,KOTA BATU,2022,DEMAM BERDARAH,160.0,KASUS,2022
190,760190,35,JAWA TIMUR,3579,KOTA BATU,2022,KUSTA,3.0,KASUS,2022
191,761191,35,JAWA TIMUR,3501,KABUPATEN PACITAN,2023,KUSTA,7.0,KASUS,2023
191,762191,35,JAWA TIMUR,3501,KABUPATEN PACITAN,2023,HIV,32.0,KASUS,2023
191,763191,35,JAWA TIMUR,3501,KABUPATEN PACITAN,2023,DEMAM BERDARAH,221.0,KASUS,2023
191,764191,35,JAWA TIMUR,3501,KABUPATEN PACITAN,2023,COVID 19,62.0,KASUS,2023
192,765192,35,JAWA TIMUR,3502,KABUPATEN PONOROGO,2023,KUSTA,49.0,KASUS,2023
192,766192,35,JAWA TIMUR,3502,KABUPATEN PONOROGO,2023,COVID 19,119.0,KASUS,2023
192,767192,35,JAWA TIMUR,3502,KABUPATEN PONOROGO,2023,HIV,143.0,KASUS,2023
192,768192,35,JAWA TIMUR,3502,KABUPATEN PONOROGO,2023,DEMAM BERDARAH,103.0,KASUS,2023
193,769193,35,JAWA TIMUR,3503,KABUPATEN TRENGGALEK,2023,COVID 19,146.0,KASUS,2023
193,770193,35,JAWA TIMUR,3503,KABUPATEN TRENGGALEK,2023,KUSTA,8.0,KASUS,2023
193,771193,35,JAWA TIMUR,3503,KABUPATEN TRENGGALEK,2023,DEMAM BERDARAH,129.0,KASUS,2023
193,772193,35,JAWA TIMUR,3503,KABUPATEN TRENGGALEK,2023,HIV,96.0,KASUS,2023
194,773194,35,JAWA TIMUR,3504,KABUPATEN TULUNGAGUNG,2023,DEMAM BERDARAH,206.0,KASUS,2023
194,774194,35,JAWA TIMUR,3504,KABUPATEN TULUNGAGUNG,2023,HIV,368.0,KASUS,2023
194,775194,35,JAWA TIMUR,3504,KABUPATEN TULUNGAGUNG,2023,COVID 19,136.0,KASUS,2023
194,776194,35,JAWA TIMUR,3504,KABUPATEN TULUNGAGUNG,2023,KUSTA,24.0,KASUS,2023
195,777195,35,JAWA TIMUR,3505,KABUPATEN BLITAR,2023,KUSTA,11.0,KASUS,2023
195,778195,35,JAWA TIMUR,3505,KABUPATEN BLITAR,2023,DEMAM BERDARAH,231.0,KASUS,2023
195,779195,35,JAWA TIMUR,3505,KABUPATEN BLITAR,2023,HIV,199.0,KASUS,2023
195,780195,35,JAWA TIMUR,3505,KABUPATEN BLITAR,2023,COVID 19,314.0,KASUS,2023
196,781196,35,JAWA TIMUR,3506,KABUPATEN KEDIRI,2023,DEMAM BERDARAH,321.0,KASUS,2023
196,782196,35,JAWA TIMUR,3506,KABUPATEN KEDIRI,2023,KUSTA,23.0,KASUS,2023
196,783196,35,JAWA TIMUR,3506,KABUPATEN KEDIRI,2023,HIV,286.0,KASUS,2023
196,784196,35,JAWA TIMUR,3506,KABUPATEN KEDIRI,2023,COVID 19,352.0,KASUS,2023
197,785197,35,JAWA TIMUR,3507,KABUPATEN MALANG,2023,HIV,387.0,KASUS,2023
197,786197,35,JAWA TIMUR,3507,KABUPATEN MALANG,2023,DEMAM BERDARAH,1009.0,KASUS,2023
197,787197,35,JAWA TIMUR,3507,KABUPATEN MALANG,2023,KUSTA,45.0,KASUS,2023
197,788197,35,JAWA TIMUR,3507,KABUPATEN MALANG,2023,COVID 19,566.0,KASUS,2023
198,789198,35,JAWA TIMUR,3508,KABUPATEN LUMAJANG,2023,DEMAM BERDARAH,228.0,KASUS,2023
198,790198,35,JAWA TIMUR,3508,KABUPATEN LUMAJANG,2023,HIV,511.0,KASUS,2023
198,791198,35,JAWA TIMUR,3508,KABUPATEN LUMAJANG,2023,COVID 19,55.0,KASUS,2023
198,792198,35,JAWA TIMUR,3508,KABUPATEN LUMAJANG,2023,KUSTA,99.0,KASUS,2023
199,793199,35,JAWA TIMUR,3509,KABUPATEN JEMBER,2023,HIV,862.0,KASUS,2023
199,794199,35,JAWA TIMUR,3509,KABUPATEN JEMBER,2023,DEMAM BERDARAH,561.0,KASUS,2023
199,795199,35,JAWA TIMUR,3509,KABUPATEN JEMBER,2023,COVID 19,174.0,KASUS,2023
199,796199,35,JAWA TIMUR,3509,KABUPATEN JEMBER,2023,KUSTA,158.0,KASUS,2023
200,797200,35,JAWA TIMUR,3510,KABUPATEN BANYUWANGI,2023,KUSTA,46.0,KASUS,2023
200,798200,35,JAWA TIMUR,3510,KABUPATEN BANYUWANGI,2023,COVID 19,131.0,KASUS,2023
200,799200,35,JAWA TIMUR,3510,KABUPATEN BANYUWANGI,2023,DEMAM BERDARAH,328.0,KASUS,2023
200,800200,35,JAWA TIMUR,3510,KABUPATEN BANYUWANGI,2023,HIV,544.0,KASUS,2023
201,801201,35,JAWA TIMUR,3511,KABUPATEN BONDOWOSO,2023,HIV,135.0,KASUS,2023
201,802201,35,JAWA TIMUR,3511,KABUPATEN BONDOWOSO,2023,DEMAM BERDARAH,226.0,KASUS,2023
201,803201,35,JAWA TIMUR,3511,KABUPATEN BONDOWOSO,2023,KUSTA,72.0,KASUS,2023
201,804201,35,JAWA TIMUR,3511,KABUPATEN BONDOWOSO,2023,COVID 19,69.0,KASUS,2023
202,805202,35,JAWA TIMUR,3512,KABUPATEN SITUBONDO,2023,DEMAM BERDARAH,383.0,KASUS,2023
202,806202,35,JAWA TIMUR,3512,KABUPATEN SITUBONDO,2023,HIV,347.0,KASUS,2023
202,807202,35,JAWA TIMUR,3512,KABUPATEN SITUBONDO,2023,COVID 19,31.0,KASUS,2023
202,808202,35,JAWA TIMUR,3512,KABUPATEN SITUBONDO,2023,KUSTA,77.0,KASUS,2023
203,809203,35,JAWA TIMUR,3513,KABUPATEN PROBOLINGGO,2023,HIV,284.0,KASUS,2023
203,810203,35,JAWA TIMUR,3513,KABUPATEN PROBOLINGGO,2023,KUSTA,124.0,KASUS,2023
203,811203,35,JAWA TIMUR,3513,KABUPATEN PROBOLINGGO,2023,COVID 19,96.0,KASUS,2023
203,812203,35,JAWA TIMUR,3513,KABUPATEN PROBOLINGGO,2023,DEMAM BERDARAH,741.0,KASUS,2023
204,813204,35,JAWA TIMUR,3514,KABUPATEN PASURUAN,2023,COVID 19,246.0,KASUS,2023
204,814204,35,JAWA TIMUR,3514,KABUPATEN PASURUAN,2023,HIV,578.0,KASUS,2023
204,815204,35,JAWA TIMUR,3514,KABUPATEN PASURUAN,2023,KUSTA,128.0,KASUS,2023
204,816204,35,JAWA TIMUR,3514,KABUPATEN PASURUAN,2023,DEMAM BERDARAH,249.0,KASUS,2023
205,817205,35,JAWA TIMUR,3515,KABUPATEN SIDOARJO,2023,HIV,631.0,KASUS,2023
205,818205,35,JAWA TIMUR,3515,KABUPATEN SIDOARJO,2023,KUSTA,51.0,KASUS,2023
205,819205,35,JAWA TIMUR,3515,KABUPATEN SIDOARJO,2023,COVID 19,878.0,KASUS,2023
205,820205,35,JAWA TIMUR,3515,KABUPATEN SIDOARJO,2023,DEMAM BERDARAH,105.0,KASUS,2023
206,821206,35,JAWA TIMUR,3516,KABUPATEN MOJOKERTO,2023,COVID 19,168.0,KASUS,2023
206,822206,35,JAWA TIMUR,3516,KABUPATEN MOJOKERTO,2023,HIV,305.0,KASUS,2023
206,823206,35,JAWA TIMUR,3516,KABUPATEN MOJOKERTO,2023,KUSTA,3.0,KASUS,2023
206,824206,35,JAWA TIMUR,3516,KABUPATEN MOJOKERTO,2023,DEMAM BERDARAH,228.0,KASUS,2023
207,825207,35,JAWA TIMUR,3517,KABUPATEN JOMBANG,2023,HIV,332.0,KASUS,2023
207,826207,35,JAWA TIMUR,3517,KABUPATEN JOMBANG,2023,COVID 19,390.0,KASUS,2023
207,827207,35,JAWA TIMUR,3517,KABUPATEN JOMBANG,2023,DEMAM BERDARAH,30.0,KASUS,2023
207,828207,35,JAWA TIMUR,3517,KABUPATEN JOMBANG,2023,KUSTA,70.0,KASUS,2023
208,829208,35,JAWA TIMUR,3518,KABUPATEN NGANJUK,2023,HIV,319.0,KASUS,2023
208,830208,35,JAWA TIMUR,3518,KABUPATEN NGANJUK,2023,KUSTA,30.0,KASUS,2023
208,831208,35,JAWA TIMUR,3518,KABUPATEN NGANJUK,2023,DEMAM BERDARAH,207.0,KASUS,2023
208,832208,35,JAWA TIMUR,3518,KABUPATEN NGANJUK,2023,COVID 19,365.0,KASUS,2023
209,833209,35,JAWA TIMUR,3519,KABUPATEN MADIUN,2023,DEMAM BERDARAH,155.0,KASUS,2023
209,834209,35,JAWA TIMUR,3519,KABUPATEN MADIUN,2023,HIV,146.0,KASUS,2023
209,835209,35,JAWA TIMUR,3519,KABUPATEN MADIUN,2023,COVID 19,172.0,KASUS,2023
209,836209,35,JAWA TIMUR,3519,KABUPATEN MADIUN,2023,KUSTA,15.0,KASUS,2023
210,837210,35,JAWA TIMUR,3520,KABUPATEN MAGETAN,2023,DEMAM BERDARAH,133.0,KASUS,2023
210,838210,35,JAWA TIMUR,3520,KABUPATEN MAGETAN,2023,COVID 19,169.0,KASUS,2023
210,839210,35,JAWA TIMUR,3520,KABUPATEN MAGETAN,2023,KUSTA,10.0,KASUS,2023
210,840210,35,JAWA TIMUR,3520,KABUPATEN MAGETAN,2023,HIV,112.0,KASUS,2023
211,841211,35,JAWA TIMUR,3521,KABUPATEN NGAWI,2023,DEMAM BERDARAH,406.0,KASUS,2023
211,842211,35,JAWA TIMUR,3521,KABUPATEN NGAWI,2023,KUSTA,10.0,KASUS,2023
211,843211,35,JAWA TIMUR,3521,KABUPATEN NGAWI,2023,COVID 19,132.0,KASUS,2023
211,844211,35,JAWA TIMUR,3521,KABUPATEN NGAWI,2023,HIV,91.0,KASUS,2023
212,845212,35,JAWA TIMUR,3522,KABUPATEN BOJONEGORO,2023,KUSTA,36.0,KASUS,2023
212,846212,35,JAWA TIMUR,3522,KABUPATEN BOJONEGORO,2023,COVID 19,92.0,KASUS,2023
212,847212,35,JAWA TIMUR,3522,KABUPATEN BOJONEGORO,2023,HIV,384.0,KASUS,2023
212,848212,35,JAWA TIMUR,3522,KABUPATEN BOJONEGORO,2023,DEMAM BERDARAH,228.0,KASUS,2023
213,849213,35,JAWA TIMUR,3523,KABUPATEN TUBAN,2023,DEMAM BERDARAH,203.0,KASUS,2023
213,850213,35,JAWA TIMUR,3523,KABUPATEN TUBAN,2023,HIV,179.0,KASUS,2023
213,851213,35,JAWA TIMUR,3523,KABUPATEN TUBAN,2023,COVID 19,70.0,KASUS,2023
213,852213,35,JAWA TIMUR,3523,KABUPATEN TUBAN,2023,KUSTA,155.0,KASUS,2023
214,853214,35,JAWA TIMUR,3524,KABUPATEN LAMONGAN,2023,COVID 19,139.0,KASUS,2023
214,854214,35,JAWA TIMUR,3524,KABUPATEN LAMONGAN,2023,HIV,320.0,KASUS,2023
214,855214,35,JAWA TIMUR,3524,KABUPATEN LAMONGAN,2023,KUSTA,117.0,KASUS,2023
214,856214,35,JAWA TIMUR,3524,KABUPATEN LAMONGAN,2023,DEMAM BERDARAH,193.0,KASUS,2023
215,857215,35,JAWA TIMUR,3525,KABUPATEN GRESIK,2023,HIV,248.0,KASUS,2023
215,858215,35,JAWA TIMUR,3525,KABUPATEN GRESIK,2023,KUSTA,84.0,KASUS,2023
215,859215,35,JAWA TIMUR,3525,KABUPATEN GRESIK,2023,DEMAM BERDARAH,179.0,KASUS,2023
215,860215,35,JAWA TIMUR,3525,KABUPATEN GRESIK,2023,COVID 19,422.0,KASUS,2023
216,861216,35,JAWA TIMUR,3526,KABUPATEN BANGKALAN,2023,KUSTA,185.0,KASUS,2023
216,862216,35,JAWA TIMUR,3526,KABUPATEN BANGKALAN,2023,DEMAM BERDARAH,74.0,KASUS,2023
216,863216,35,JAWA TIMUR,3526,KABUPATEN BANGKALAN,2023,HIV,84.0,KASUS,2023
216,864216,35,JAWA TIMUR,3526,KABUPATEN BANGKALAN,2023,COVID 19,113.0,KASUS,2023
217,865217,35,JAWA TIMUR,3527,KABUPATEN SAMPANG,2023,KUSTA,304.0,KASUS,2023
217,866217,35,JAWA TIMUR,3527,KABUPATEN SAMPANG,2023,HIV,48.0,KASUS,2023
217,867217,35,JAWA TIMUR,3527,KABUPATEN SAMPANG,2023,DEMAM BERDARAH,285.0,KASUS,2023
217,868217,35,JAWA TIMUR,3527,KABUPATEN SAMPANG,2023,COVID 19,24.0,KASUS,2023
218,869218,35,JAWA TIMUR,3528,KABUPATEN PAMEKASAN,2023,COVID 19,16.0,KASUS,2023
218,870218,35,JAWA TIMUR,3528,KABUPATEN PAMEKASAN,2023,HIV,39.0,KASUS,2023
218,871218,35,JAWA TIMUR,3528,KABUPATEN PAMEKASAN,2023,DEMAM BERDARAH,384.0,KASUS,2023
218,872218,35,JAWA TIMUR,3528,KABUPATEN PAMEKASAN,2023,KUSTA,163.0,KASUS,2023
219,873219,35,JAWA TIMUR,3529,KABUPATEN SUMENEP,2023,KUSTA,313.0,KASUS,2023
219,874219,35,JAWA TIMUR,3529,KABUPATEN SUMENEP,2023,DEMAM BERDARAH,305.0,KASUS,2023
219,875219,35,JAWA TIMUR,3529,KABUPATEN SUMENEP,2023,COVID 19,46.0,KASUS,2023
219,876219,35,JAWA TIMUR,3529,KABUPATEN SUMENEP,2023,HIV,77.0,KASUS,2023
220,877220,35,JAWA TIMUR,3571,KOTA KEDIRI,2023,COVID 19,90.0,KASUS,2023
220,878220,35,JAWA TIMUR,3571,KOTA KEDIRI,2023,DEMAM BERDARAH,85.0,KASUS,2023
220,879220,35,JAWA TIMUR,3571,KOTA KEDIRI,2023,KUSTA,0.0,KASUS,2023
220,880220,35,JAWA TIMUR,3571,KOTA KEDIRI,2023,HIV,160.0,KASUS,2023
221,881221,35,JAWA TIMUR,3572,KOTA BLITAR,2023,COVID 19,33.0,KASUS,2023
221,882221,35,JAWA TIMUR,3572,KOTA BLITAR,2023,DEMAM BERDARAH,33.0,KASUS,2023
221,883221,35,JAWA TIMUR,3572,KOTA BLITAR,2023,KUSTA,1.0,KASUS,2023
221,884221,35,JAWA TIMUR,3572,KOTA BLITAR,2023,HIV,234.0,KASUS,2023
222,885222,35,JAWA TIMUR,3573,KOTA MALANG,2023,HIV,512.0,KASUS,2023
222,886222,35,JAWA TIMUR,3573,KOTA MALANG,2023,COVID 19,418.0,KASUS,2023
222,887222,35,JAWA TIMUR,3573,KOTA MALANG,2023,DEMAM BERDARAH,462.0,KASUS,2023
222,888222,35,JAWA TIMUR,3573,KOTA MALANG,2023,KUSTA,8.0,KASUS,2023
223,889223,35,JAWA TIMUR,3574,KOTA PROBOLINGGO,2023,DEMAM BERDARAH,233.0,KASUS,2023
223,890223,35,JAWA TIMUR,3574,KOTA PROBOLINGGO,2023,HIV,99.0,KASUS,2023
223,891223,35,JAWA TIMUR,3574,KOTA PROBOLINGGO,2023,KUSTA,19.0,KASUS,2023
223,892223,35,JAWA TIMUR,3574,KOTA PROBOLINGGO,2023,COVID 19,39.0,KASUS,2023
224,893224,35,JAWA TIMUR,3575,KOTA PASURUAN,2023,HIV,69.0,KASUS,2023
224,894224,35,JAWA TIMUR,3575,KOTA PASURUAN,2023,COVID 19,58.0,KASUS,2023
224,895224,35,JAWA TIMUR,3575,KOTA PASURUAN,2023,DEMAM BERDARAH,65.0,KASUS,2023
224,896224,35,JAWA TIMUR,3575,KOTA PASURUAN,2023,KUSTA,12.0,KASUS,2023
225,897225,35,JAWA TIMUR,3576,KOTA MOJOKERTO,2023,HIV,81.0,KASUS,2023
225,898225,35,JAWA TIMUR,3576,KOTA MOJOKERTO,2023,COVID 19,43.0,KASUS,2023
225,899225,35,JAWA TIMUR,3576,KOTA MOJOKERTO,2023,KUSTA,5.0,KASUS,2023
225,900225,35,JAWA TIMUR,3576,KOTA MOJOKERTO,2023,DEMAM BERDARAH,10.0,KASUS,2023
226,901226,35,JAWA TIMUR,3577,KOTA MADIUN,2023,HIV,100.0,KASUS,2023
226,902226,35,JAWA TIMUR,3577,KOTA MADIUN,2023,KUSTA,8.0,KASUS,2023
226,903226,35,JAWA TIMUR,3577,KOTA MADIUN,2023,DEMAM BERDARAH,143.0,KASUS,2023
226,904226,35,JAWA TIMUR,3577,KOTA MADIUN,2023,COVID 19,88.0,KASUS,2023
227,905227,35,JAWA TIMUR,3578,KOTA SURABAYA,2023,HIV,1260.0,KASUS,2023
227,906227,35,JAWA TIMUR,3578,KOTA SURABAYA,2023,DEMAM BERDARAH,191.0,KASUS,2023
227,907227,35,JAWA TIMUR,3578,KOTA SURABAYA,2023,COVID 19,4116.0,KASUS,2023
227,908227,35,JAWA TIMUR,3578,KOTA SURABAYA,2023,KUSTA,108.0,KASUS,2023
228,909228,35,JAWA TIMUR,3579,KOTA BATU,2023,COVID 19,86.0,KASUS,2023
228,910228,35,JAWA TIMUR,3579,KOTA BATU,2023,HIV,69.0,KASUS,2023
228,911228,35,JAWA TIMUR,3579,KOTA BATU,2023,KUSTA,2.0,KASUS,2023
228,912228,35,JAWA TIMUR,3579,KOTA BATU,2023,DEMAM BERDARAH,128.0,KASUS,2023
229,913229,35,JAWA TIMUR,3501,KABUPATEN PACITAN,2024,KUSTA,17.0,KASUS,2024
229,914229,35,JAWA TIMUR,3501,KABUPATEN PACITAN,2024,DEMAM BERDARAH,493.0,KASUS,2024
229,915229,35,JAWA TIMUR,3501,KABUPATEN PACITAN,2024,HIV,33.0,KASUS,2024
229,916229,35,JAWA TIMUR,3501,KABUPATEN PACITAN,2024,COVID 19,10.0,KASUS,2024
230,917230,35,JAWA TIMUR,3502,KABUPATEN PONOROGO,2024,DEMAM BERDARAH,406.0,KASUS,2024
230,918230,35,JAWA TIMUR,3502,KABUPATEN PONOROGO,2024,HIV,171.0,KASUS,2024
230,919230,35,JAWA TIMUR,3502,KABUPATEN PONOROGO,2024,COVID 19,5.0,KASUS,2024
230,920230,35,JAWA TIMUR,3502,KABUPATEN PONOROGO,2024,KUSTA,50.0,KASUS,2024
231,921231,35,JAWA TIMUR,3503,KABUPATEN TRENGGALEK,2024,HIV,81.0,KASUS,2024
231,922231,35,JAWA TIMUR,3503,KABUPATEN TRENGGALEK,2024,DEMAM BERDARAH,1070.0,KASUS,2024
231,923231,35,JAWA TIMUR,3503,KABUPATEN TRENGGALEK,2024,KUSTA,9.0,KASUS,2024
231,924231,35,JAWA TIMUR,3503,KABUPATEN TRENGGALEK,2024,COVID 19,6.0,KASUS,2024
232,925232,35,JAWA TIMUR,3504,KABUPATEN TULUNGAGUNG,2024,DEMAM BERDARAH,1434.0,KASUS,2024
232,926232,35,JAWA TIMUR,3504,KABUPATEN TULUNGAGUNG,2024,KUSTA,45.0,KASUS,2024
232,927232,35,JAWA TIMUR,3504,KABUPATEN TULUNGAGUNG,2024,COVID 19,10.0,KASUS,2024
232,928232,35,JAWA TIMUR,3504,KABUPATEN TULUNGAGUNG,2024,HIV,343.0,KASUS,2024
233,929233,35,JAWA TIMUR,3505,KABUPATEN BLITAR,2024,HIV,199.0,KASUS,2024
233,930233,35,JAWA TIMUR,3505,KABUPATEN BLITAR,2024,COVID 19,16.0,KASUS,2024
233,931233,35,JAWA TIMUR,3505,KABUPATEN BLITAR,2024,KUSTA,16.0,KASUS,2024
233,932233,35,JAWA TIMUR,3505,KABUPATEN BLITAR,2024,DEMAM BERDARAH,1359.0,KASUS,2024
234,933234,35,JAWA TIMUR,3506,KABUPATEN KEDIRI,2024,HIV,261.0,KASUS,2024
234,934234,35,JAWA TIMUR,3506,KABUPATEN KEDIRI,2024,KUSTA,24.0,KASUS,2024
234,935234,35,JAWA TIMUR,3506,KABUPATEN KEDIRI,2024,COVID 19,10.0,KASUS,2024
234,936234,35,JAWA TIMUR,3506,KABUPATEN KEDIRI,2024,DEMAM BERDARAH,542.0,KASUS,2024
235,937235,35,JAWA TIMUR,3507,KABUPATEN MALANG,2024,DEMAM BERDARAH,4157.0,KASUS,2024
235,938235,35,JAWA TIMUR,3507,KABUPATEN MALANG,2024,KUSTA,40.0,KASUS,2024
235,939235,35,JAWA TIMUR,3507,KABUPATEN MALANG,2024,HIV,426.0,KASUS,2024
235,940235,35,JAWA TIMUR,3507,KABUPATEN MALANG,2024,COVID 19,43.0,KASUS,2024
236,941236,35,JAWA TIMUR,3508,KABUPATEN LUMAJANG,2024,COVID 19,5.0,KASUS,2024
236,942236,35,JAWA TIMUR,3508,KABUPATEN LUMAJANG,2024,DEMAM BERDARAH,745.0,KASUS,2024
236,943236,35,JAWA TIMUR,3508,KABUPATEN LUMAJANG,2024,KUSTA,102.0,KASUS,2024
236,944236,35,JAWA TIMUR,3508,KABUPATEN LUMAJANG,2024,HIV,498.0,KASUS,2024
237,945237,35,JAWA TIMUR,3509,KABUPATEN JEMBER,2024,HIV,775.0,KASUS,2024
237,946237,35,JAWA TIMUR,3509,KABUPATEN JEMBER,2024,COVID 19,20.0,KASUS,2024
237,947237,35,JAWA TIMUR,3509,KABUPATEN JEMBER,2024,KUSTA,133.0,KASUS,2024
237,948237,35,JAWA TIMUR,3509,KABUPATEN JEMBER,2024,DEMAM BERDARAH,1534.0,KASUS,2024
238,949238,35,JAWA TIMUR,3510,KABUPATEN BANYUWANGI,2024,HIV,460.0,KASUS,2024
238,950238,35,JAWA TIMUR,3510,KABUPATEN BANYUWANGI,2024,KUSTA,58.0,KASUS,2024
238,951238,35,JAWA TIMUR,3510,KABUPATEN BANYUWANGI,2024,DEMAM BERDARAH,550.0,KASUS,2024
238,952238,35,JAWA TIMUR,3510,KABUPATEN BANYUWANGI,2024,COVID 19,7.0,KASUS,2024
239,953239,35,JAWA TIMUR,3511,KABUPATEN BONDOWOSO,2024,KUSTA,30.0,KASUS,2024
239,954239,35,JAWA TIMUR,3511,KABUPATEN BONDOWOSO,2024,COVID 19,13.0,KASUS,2024
239,955239,35,JAWA TIMUR,3511,KABUPATEN BONDOWOSO,2024,DEMAM BERDARAH,958.0,KASUS,2024
239,956239,35,JAWA TIMUR,3511,KABUPATEN BONDOWOSO,2024,HIV,185.0,KASUS,2024
240,957240,35,JAWA TIMUR,3512,KABUPATEN SITUBONDO,2024,DEMAM BERDARAH,1044.0,KASUS,2024
240,958240,35,JAWA TIMUR,3512,KABUPATEN SITUBONDO,2024,COVID 19,4.0,KASUS,2024
240,959240,35,JAWA TIMUR,3512,KABUPATEN SITUBONDO,2024,HIV,272.0,KASUS,2024
240,960240,35,JAWA TIMUR,3512,KABUPATEN SITUBONDO,2024,KUSTA,76.0,KASUS,2024
241,961241,35,JAWA TIMUR,3513,KABUPATEN PROBOLINGGO,2024,COVID 19,2.0,KASUS,2024
241,962241,35,JAWA TIMUR,3513,KABUPATEN PROBOLINGGO,2024,HIV,306.0,KASUS,2024
241,963241,35,JAWA TIMUR,3513,KABUPATEN PROBOLINGGO,2024,KUSTA,108.0,KASUS,2024
241,964241,35,JAWA TIMUR,3513,KABUPATEN PROBOLINGGO,2024,DEMAM BERDARAH,2816.0,KASUS,2024
242,965242,35,JAWA TIMUR,3514,KABUPATEN PASURUAN,2024,HIV,478.0,KASUS,2024
242,966242,35,JAWA TIMUR,3514,KABUPATEN PASURUAN,2024,KUSTA,118.0,KASUS,2024
242,967242,35,JAWA TIMUR,3514,KABUPATEN PASURUAN,2024,COVID 19,41.0,KASUS,2024
242,968242,35,JAWA TIMUR,3514,KABUPATEN PASURUAN,2024,DEMAM BERDARAH,1278.0,KASUS,2024
243,969243,35,JAWA TIMUR,3515,KABUPATEN SIDOARJO,2024,KUSTA,39.0,KASUS,2024
243,970243,35,JAWA TIMUR,3515,KABUPATEN SIDOARJO,2024,DEMAM BERDARAH,379.0,KASUS,2024
243,971243,35,JAWA TIMUR,3515,KABUPATEN SIDOARJO,2024,COVID 19,110.0,KASUS,2024
243,972243,35,JAWA TIMUR,3515,KABUPATEN SIDOARJO,2024,HIV,605.0,KASUS,2024
244,973244,35,JAWA TIMUR,3516,KABUPATEN MOJOKERTO,2024,KUSTA,22.0,KASUS,2024
244,974244,35,JAWA TIMUR,3516,KABUPATEN MOJOKERTO,2024,COVID 19,0.0,KASUS,2024
244,975244,35,JAWA TIMUR,3516,KABUPATEN MOJOKERTO,2024,DEMAM BERDARAH,225.0,KASUS,2024
244,976244,35,JAWA TIMUR,3516,KABUPATEN MOJOKERTO,2024,HIV,295.0,KASUS,2024
245,977245,35,JAWA TIMUR,3517,KABUPATEN JOMBANG,2024,COVID 19,15.0,KASUS,2024
245,978245,35,JAWA TIMUR,3517,KABUPATEN JOMBANG,2024,KUSTA,55.0,KASUS,2024
245,979245,35,JAWA TIMUR,3517,KABUPATEN JOMBANG,2024,HIV,310.0,KASUS,2024
245,980245,35,JAWA TIMUR,3517,KABUPATEN JOMBANG,2024,DEMAM BERDARAH,340.0,KASUS,2024
246,981246,35,JAWA TIMUR,3518,KABUPATEN NGANJUK,2024,DEMAM BERDARAH,1304.0,KASUS,2024
246,982246,35,JAWA TIMUR,3518,KABUPATEN NGANJUK,2024,COVID 19,85.0,KASUS,2024
246,983246,35,JAWA TIMUR,3518,KABUPATEN NGANJUK,2024,KUSTA,41.0,KASUS,2024
246,984246,35,JAWA TIMUR,3518,KABUPATEN NGANJUK,2024,HIV,310.0,KASUS,2024
247,985247,35,JAWA TIMUR,3519,KABUPATEN MADIUN,2024,HIV,147.0,KASUS,2024
247,986247,35,JAWA TIMUR,3519,KABUPATEN MADIUN,2024,DEMAM BERDARAH,339.0,KASUS,2024
247,987247,35,JAWA TIMUR,3519,KABUPATEN MADIUN,2024,COVID 19,14.0,KASUS,2024
247,988247,35,JAWA TIMUR,3519,KABUPATEN MADIUN,2024,KUSTA,18.0,KASUS,2024
248,989248,35,JAWA TIMUR,3520,KABUPATEN MAGETAN,2024,HIV,91.0,KASUS,2024
248,990248,35,JAWA TIMUR,3520,KABUPATEN MAGETAN,2024,KUSTA,24.0,KASUS,2024
248,991248,35,JAWA TIMUR,3520,KABUPATEN MAGETAN,2024,COVID 19,13.0,KASUS,2024
248,992248,35,JAWA TIMUR,3520,KABUPATEN MAGETAN,2024,DEMAM BERDARAH,599.0,KASUS,2024
249,993249,35,JAWA TIMUR,3521,KABUPATEN NGAWI,2024,KUSTA,17.0,KASUS,2024
249,994249,35,JAWA TIMUR,3521,KABUPATEN NGAWI,2024,HIV,124.0,KASUS,2024
249,995249,35,JAWA TIMUR,3521,KABUPATEN NGAWI,2024,DEMAM BERDARAH,691.0,KASUS,2024
249,996249,35,JAWA TIMUR,3521,KABUPATEN NGAWI,2024,COVID 19,11.0,KASUS,2024
250,997250,35,JAWA TIMUR,3522,KABUPATEN BOJONEGORO,2024,KUSTA,66.0,KASUS,2024
250,998250,35,JAWA TIMUR,3522,KABUPATEN BOJONEGORO,2024,HIV,308.0,KASUS,2024
250,999250,35,JAWA TIMUR,3522,KABUPATEN BOJONEGORO,2024,COVID 19,8.0,KASUS,2024
250,1000250,35,JAWA TIMUR,3522,KABUPATEN BOJONEGORO,2024,DEMAM BERDARAH,635.0,KASUS,2024
251,1001251,35,JAWA TIMUR,3523,KABUPATEN TUBAN,2024,KUSTA,140.0,KASUS,2024
251,1002251,35,JAWA TIMUR,3523,KABUPATEN TUBAN,2024,COVID 19,8.0,KASUS,2024
251,1003251,35,JAWA TIMUR,3523,KABUPATEN TUBAN,2024,DEMAM BERDARAH,877.0,KASUS,2024
251,1004251,35,JAWA TIMUR,3523,KABUPATEN TUBAN,2024,HIV,220.0,KASUS,2024
252,1005252,35,JAWA TIMUR,3524,KABUPATEN LAMONGAN,2024,KUSTA,69.0,KASUS,2024
252,1006252,35,JAWA TIMUR,3524,KABUPATEN LAMONGAN,2024,HIV,248.0,KASUS,2024
252,1007252,35,JAWA TIMUR,3524,KABUPATEN LAMONGAN,2024,DEMAM BERDARAH,888.0,KASUS,2024
252,1008252,35,JAWA TIMUR,3524,KABUPATEN LAMONGAN,2024,COVID 19,27.0,KASUS,2024
253,1009253,35,JAWA TIMUR,3525,KABUPATEN GRESIK,2024,DEMAM BERDARAH,488.0,KASUS,2024
253,1010253,35,JAWA TIMUR,3525,KABUPATEN GRESIK,2024,HIV,268.0,KASUS,2024
253,1011253,35,JAWA TIMUR,3525,KABUPATEN GRESIK,2024,COVID 19,28.0,KASUS,2024
253,1012253,35,JAWA TIMUR,3525,KABUPATEN GRESIK,2024,KUSTA,91.0,KASUS,2024
254,1013254,35,JAWA TIMUR,3526,KABUPATEN BANGKALAN,2024,KUSTA,158.0,KASUS,2024
254,1014254,35,JAWA TIMUR,3526,KABUPATEN BANGKALAN,2024,COVID 19,8.0,KASUS,2024
254,1015254,35,JAWA TIMUR,3526,KABUPATEN BANGKALAN,2024,HIV,88.0,KASUS,2024
254,1016254,35,JAWA TIMUR,3526,KABUPATEN BANGKALAN,2024,DEMAM BERDARAH,282.0,KASUS,2024
255,1017255,35,JAWA TIMUR,3527,KABUPATEN SAMPANG,2024,KUSTA,266.0,KASUS,2024
255,1018255,35,JAWA TIMUR,3527,KABUPATEN SAMPANG,2024,HIV,71.0,KASUS,2024
255,1019255,35,JAWA TIMUR,3527,KABUPATEN SAMPANG,2024,DEMAM BERDARAH,830.0,KASUS,2024
255,1020255,35,JAWA TIMUR,3527,KABUPATEN SAMPANG,2024,COVID 19,3.0,KASUS,2024
256,1021256,35,JAWA TIMUR,3528,KABUPATEN PAMEKASAN,2024,DEMAM BERDARAH,972.0,KASUS,2024
256,1022256,35,JAWA TIMUR,3528,KABUPATEN PAMEKASAN,2024,HIV,105.0,KASUS,2024
256,1023256,35,JAWA TIMUR,3528,KABUPATEN PAMEKASAN,2024,COVID 19,1.0,KASUS,2024
256,1024256,35,JAWA TIMUR,3528,KABUPATEN PAMEKASAN,2024,KUSTA,176.0,KASUS,2024
257,1025257,35,JAWA TIMUR,3529,KABUPATEN SUMENEP,2024,KUSTA,274.0,KASUS,2024
257,1026257,35,JAWA TIMUR,3529,KABUPATEN SUMENEP,2024,COVID 19,9.0,KASUS,2024
257,1027257,35,JAWA TIMUR,3529,KABUPATEN SUMENEP,2024,HIV,126.0,KASUS,2024
257,1028257,35,JAWA TIMUR,3529,KABUPATEN SUMENEP,2024,DEMAM BERDARAH,1532.0,KASUS,2024
258,1029258,35,JAWA TIMUR,3571,KOTA KEDIRI,2024,KUSTA,,KASUS,2024
258,1030258,35,JAWA TIMUR,3571,KOTA KEDIRI,2024,HIV,251.0,KASUS,2024
258,1031258,35,JAWA TIMUR,3571,KOTA KEDIRI,2024,DEMAM BERDARAH,256.0,KASUS,2024
258,1032258,35,JAWA TIMUR,3571,KOTA KEDIRI,2024,COVID 19,8.0,KASUS,2024
259,1033259,35,JAWA TIMUR,3572,KOTA BLITAR,2024,DEMAM BERDARAH,135.0,KASUS,2024
259,1034259,35,JAWA TIMUR,3572,KOTA BLITAR,2024,HIV,81.0,KASUS,2024
259,1035259,35,JAWA TIMUR,3572,KOTA BLITAR,2024,COVID 19,7.0,KASUS,2024
259,1036259,35,JAWA TIMUR,3572,KOTA BLITAR,2024,KUSTA,2.0,KASUS,2024
260,1037260,35,JAWA TIMUR,3573,KOTA MALANG,2024,KUSTA,18.0,KASUS,2024
260,1038260,35,JAWA TIMUR,3573,KOTA MALANG,2024,COVID 19,51.0,KASUS,2024
260,1039260,35,JAWA TIMUR,3573,KOTA MALANG,2024,HIV,496.0,KASUS,2024
260,1040260,35,JAWA TIMUR,3573,KOTA MALANG,2024,DEMAM BERDARAH,777.0,KASUS,2024
261,1041261,35,JAWA TIMUR,3574,KOTA PROBOLINGGO,2024,KUSTA,24.0,KASUS,2024
261,1042261,35,JAWA TIMUR,3574,KOTA PROBOLINGGO,2024,HIV,90.0,KASUS,2024
261,1043261,35,JAWA TIMUR,3574,KOTA PROBOLINGGO,2024,DEMAM BERDARAH,490.0,KASUS,2024
261,1044261,35,JAWA TIMUR,3574,KOTA PROBOLINGGO,2024,COVID 19,6.0,KASUS,2024
262,1045262,35,JAWA TIMUR,3575,KOTA PASURUAN,2024,DEMAM BERDARAH,210.0,KASUS,2024
262,1046262,35,JAWA TIMUR,3575,KOTA PASURUAN,2024,HIV,52.0,KASUS,2024
262,1047262,35,JAWA TIMUR,3575,KOTA PASURUAN,2024,COVID 19,7.0,KASUS,2024
262,1048262,35,JAWA TIMUR,3575,KOTA PASURUAN,2024,KUSTA,18.0,KASUS,2024
263,1049263,35,JAWA TIMUR,3576,KOTA MOJOKERTO,2024,KUSTA,3.0,KASUS,2024
263,1050263,35,JAWA TIMUR,3576,KOTA MOJOKERTO,2024,COVID 19,8.0,KASUS,2024
263,1051263,35,JAWA TIMUR,3576,KOTA MOJOKERTO,2024,HIV,107.0,KASUS,2024
263,1052263,35,JAWA TIMUR,3576,KOTA MOJOKERTO,2024,DEMAM BERDARAH,11.0,KASUS,2024
264,1053264,35,JAWA TIMUR,3577,KOTA MADIUN,2024,KUSTA,4.0,KASUS,2024
264,1054264,35,JAWA TIMUR,3577,KOTA MADIUN,2024,HIV,156.0,KASUS,2024
264,1055264,35,JAWA TIMUR,3577,KOTA MADIUN,2024,DEMAM BERDARAH,586.0,KASUS,2024
264,1056264,35,JAWA TIMUR,3577,KOTA MADIUN,2024,COVID 19,10.0,KASUS,2024
265,1057265,35,JAWA TIMUR,3578,KOTA SURABAYA,2024,DEMAM BERDARAH,231.0,KASUS,2024
265,1058265,35,JAWA TIMUR,3578,KOTA SURABAYA,2024,HIV,1276.0,KASUS,2024
265,1059265,35,JAWA TIMUR,3578,KOTA SURABAYA,2024,COVID 19,702.0,KASUS,2024
265,1060265,35,JAWA TIMUR,3578,KOTA SURABAYA,2024,KUSTA,90.0,KASUS,2024
266,1061266,35,JAWA TIMUR,3579,KOTA BATU,2024,HIV,63.0,KASUS,2024
266,1062266,35,JAWA TIMUR,3579,KOTA BATU,2024,DEMAM BERDARAH,444.0,KASUS,2024
266,1063266,35,JAWA TIMUR,3579,KOTA BATU,2024,KUSTA,2.0,KASUS,2024
266,1064266,35,JAWA TIMUR,3579,KOTA BATU,2024,COVID 19,2.0,KASUS,2024
