id,id_kategori,tahun,kabupatenkota,kategori,jumlah
1,519,2025,Kabupaten Pacitan,persentase_penduduk,1.4
1,519,2025,Kabupaten Pacitan,kepadatan_penduduk_per_km_persegi,411.0
1,519,2025,Kabupaten Pacitan,rasio_jenis_kelamin_penduduk,100.9
1,519,2025,Kabupaten Pacitan,laju_pertumbuhan_penduduk_per_tahun,0.1
1,519,2025,Kabupaten Pacitan,jumlah_penduduk,589034.0
2,519,2025,Kabupaten Ponorogo,laju_pertumbuhan_penduduk_per_tahun,0.37
2,519,2025,Kabupaten Ponorogo,rasio_jenis_kelamin_penduduk,99.1
2,519,2025,Kabupaten Ponorogo,jumlah_penduduk,966111.0
2,519,2025,Kabupaten Ponorogo,persentase_penduduk,2.3
2,519,2025,Kabupaten Ponorogo,kepadatan_penduduk_per_km_persegi,681.0
3,519,2025,Kabupaten Trenggalek,rasio_jenis_kelamin_penduduk,100.3
3,519,2025,Kabupaten Trenggalek,jumlah_penduduk,747614.0
3,519,2025,Kabupaten Trenggalek,kepadatan_penduduk_per_km_persegi,598.0
3,519,2025,Kabupaten Trenggalek,persentase_penduduk,1.78
3,519,2025,Kabupaten Trenggalek,laju_pertumbuhan_penduduk_per_tahun,0.47
4,519,2025,Kabupaten Tulungagung,rasio_jenis_kelamin_penduduk,100.1
4,519,2025,Kabupaten Tulungagung,kepadatan_penduduk_per_km_persegi,978.0
4,519,2025,Kabupaten Tulungagung,jumlah_penduduk,1119588.0
4,519,2025,Kabupaten Tulungagung,persentase_penduduk,2.66
4,519,2025,Kabupaten Tulungagung,laju_pertumbuhan_penduduk_per_tahun,0.57
5,519,2025,Kabupaten Blitar,rasio_jenis_kelamin_penduduk,100.9
5,519,2025,Kabupaten Blitar,kepadatan_penduduk_per_km_persegi,730.0
5,519,2025,Kabupaten Blitar,laju_pertumbuhan_penduduk_per_tahun,0.84
5,519,2025,Kabupaten Blitar,persentase_penduduk,3.03
5,519,2025,Kabupaten Blitar,jumlah_penduduk,1273451.0
6,519,2025,Kabupaten Kediri,kepadatan_penduduk_per_km_persegi,1117.0
6,519,2025,Kabupaten Kediri,rasio_jenis_kelamin_penduduk,101.8
6,519,2025,Kabupaten Kediri,persentase_penduduk,4.04
6,519,2025,Kabupaten Kediri,jumlah_penduduk,1702262.0
6,519,2025,Kabupaten Kediri,laju_pertumbuhan_penduduk_per_tahun,0.85
7,519,2025,Kabupaten Malang,rasio_jenis_kelamin_penduduk,100.9
7,519,2025,Kabupaten Malang,jumlah_penduduk,2755438.0
7,519,2025,Kabupaten Malang,kepadatan_penduduk_per_km_persegi,793.0
7,519,2025,Kabupaten Malang,persentase_penduduk,6.55
7,519,2025,Kabupaten Malang,laju_pertumbuhan_penduduk_per_tahun,0.79
8,519,2025,Kabupaten Lumajang,persentase_penduduk,2.74
8,519,2025,Kabupaten Lumajang,kepadatan_penduduk_per_km_persegi,641.0
8,519,2025,Kabupaten Lumajang,laju_pertumbuhan_penduduk_per_tahun,0.61
8,519,2025,Kabupaten Lumajang,rasio_jenis_kelamin_penduduk,97.7
8,519,2025,Kabupaten Lumajang,jumlah_penduduk,1152264.0
9,519,2025,Kabupaten Jember,kepadatan_penduduk_per_km_persegi,791.0
9,519,2025,Kabupaten Jember,rasio_jenis_kelamin_penduduk,99.2
9,519,2025,Kabupaten Jember,jumlah_penduduk,2620135.0
9,519,2025,Kabupaten Jember,persentase_penduduk,6.23
9,519,2025,Kabupaten Jember,laju_pertumbuhan_penduduk_per_tahun,0.68
10,519,2025,Kabupaten Banyuwangi,persentase_penduduk,4.19
10,519,2025,Kabupaten Banyuwangi,rasio_jenis_kelamin_penduduk,99.8
10,519,2025,Kabupaten Banyuwangi,kepadatan_penduduk_per_km_persegi,491.0
10,519,2025,Kabupaten Banyuwangi,jumlah_penduduk,1764540.0
10,519,2025,Kabupaten Banyuwangi,laju_pertumbuhan_penduduk_per_tahun,0.69
11,519,2025,Kabupaten Bondowoso,rasio_jenis_kelamin_penduduk,97.3
11,519,2025,Kabupaten Bondowoso,jumlah_penduduk,796300.0
11,519,2025,Kabupaten Bondowoso,kepadatan_penduduk_per_km_persegi,512.0
11,519,2025,Kabupaten Bondowoso,persentase_penduduk,1.89
11,519,2025,Kabupaten Bondowoso,laju_pertumbuhan_penduduk_per_tahun,0.54
12,519,2025,Kabupaten Situbondo,jumlah_penduduk,704243.0
12,519,2025,Kabupaten Situbondo,laju_pertumbuhan_penduduk_per_tahun,0.56
12,519,2025,Kabupaten Situbondo,rasio_jenis_kelamin_penduduk,96.6
12,519,2025,Kabupaten Situbondo,persentase_penduduk,1.67
12,519,2025,Kabupaten Situbondo,kepadatan_penduduk_per_km_persegi,426.0
13,519,2025,Kabupaten Probolinggo,rasio_jenis_kelamin_penduduk,97.4
13,519,2025,Kabupaten Probolinggo,laju_pertumbuhan_penduduk_per_tahun,0.73
13,519,2025,Kabupaten Probolinggo,persentase_penduduk,2.84
13,519,2025,Kabupaten Probolinggo,kepadatan_penduduk_per_km_persegi,692.0
13,519,2025,Kabupaten Probolinggo,jumlah_penduduk,1193272.0
14,519,2025,Kabupaten Pasuruan,jumlah_penduduk,1669400.0
14,519,2025,Kabupaten Pasuruan,rasio_jenis_kelamin_penduduk,100.0
14,519,2025,Kabupaten Pasuruan,laju_pertumbuhan_penduduk_per_tahun,0.82
14,519,2025,Kabupaten Pasuruan,persentase_penduduk,3.97
14,519,2025,Kabupaten Pasuruan,kepadatan_penduduk_per_km_persegi,1118.0
15,519,2025,Kabupaten Sidoarjo,jumlah_penduduk,2193692.0
15,519,2025,Kabupaten Sidoarjo,kepadatan_penduduk_per_km_persegi,3030.0
15,519,2025,Kabupaten Sidoarjo,laju_pertumbuhan_penduduk_per_tahun,1.1
15,519,2025,Kabupaten Sidoarjo,rasio_jenis_kelamin_penduduk,100.8
15,519,2025,Kabupaten Sidoarjo,persentase_penduduk,5.21
16,519,2025,Kabupaten Mojokerto,persentase_penduduk,2.76
16,519,2025,Kabupaten Mojokerto,kepadatan_penduduk_per_km_persegi,1181.0
16,519,2025,Kabupaten Mojokerto,rasio_jenis_kelamin_penduduk,101.0
16,519,2025,Kabupaten Mojokerto,jumlah_penduduk,1162696.0
16,519,2025,Kabupaten Mojokerto,laju_pertumbuhan_penduduk_per_tahun,0.81
17,519,2025,Kabupaten Jombang,persentase_penduduk,3.26
17,519,2025,Kabupaten Jombang,rasio_jenis_kelamin_penduduk,101.5
17,519,2025,Kabupaten Jombang,laju_pertumbuhan_penduduk_per_tahun,0.88
17,519,2025,Kabupaten Jombang,kepadatan_penduduk_per_km_persegi,1238.0
17,519,2025,Kabupaten Jombang,jumlah_penduduk,1373793.0
18,519,2025,Kabupaten Nganjuk,jumlah_penduduk,1138604.0
18,519,2025,Kabupaten Nganjuk,kepadatan_penduduk_per_km_persegi,883.0
18,519,2025,Kabupaten Nganjuk,laju_pertumbuhan_penduduk_per_tahun,0.65
18,519,2025,Kabupaten Nganjuk,rasio_jenis_kelamin_penduduk,100.9
18,519,2025,Kabupaten Nganjuk,persentase_penduduk,2.71
19,519,2025,Kabupaten Madiun,rasio_jenis_kelamin_penduduk,97.8
19,519,2025,Kabupaten Madiun,jumlah_penduduk,760948.0
19,519,2025,Kabupaten Madiun,laju_pertumbuhan_penduduk_per_tahun,0.47
19,519,2025,Kabupaten Madiun,persentase_penduduk,1.81
19,519,2025,Kabupaten Madiun,kepadatan_penduduk_per_km_persegi,683.0
20,519,2025,Kabupaten Magetan,persentase_penduduk,1.64
20,519,2025,Kabupaten Magetan,rasio_jenis_kelamin_penduduk,96.7
20,519,2025,Kabupaten Magetan,jumlah_penduduk,689209.0
20,519,2025,Kabupaten Magetan,laju_pertumbuhan_penduduk_per_tahun,0.57
20,519,2025,Kabupaten Magetan,kepadatan_penduduk_per_km_persegi,976.0
21,519,2025,Kabupaten Ngawi,rasio_jenis_kelamin_penduduk,98.0
21,519,2025,Kabupaten Ngawi,kepadatan_penduduk_per_km_persegi,636.0
21,519,2025,Kabupaten Ngawi,persentase_penduduk,2.11
21,519,2025,Kabupaten Ngawi,laju_pertumbuhan_penduduk_per_tahun,0.41
21,519,2025,Kabupaten Ngawi,jumlah_penduduk,887172.0
22,519,2025,Kabupaten Bojonegoro,laju_pertumbuhan_penduduk_per_tahun,0.46
22,519,2025,Kabupaten Bojonegoro,persentase_penduduk,3.16
22,519,2025,Kabupaten Bojonegoro,kepadatan_penduduk_per_km_persegi,575.0
22,519,2025,Kabupaten Bojonegoro,jumlah_penduduk,1330516.0
22,519,2025,Kabupaten Bojonegoro,rasio_jenis_kelamin_penduduk,100.5
23,519,2025,Kabupaten Tuban,persentase_penduduk,2.93
23,519,2025,Kabupaten Tuban,kepadatan_penduduk_per_km_persegi,624.0
23,519,2025,Kabupaten Tuban,laju_pertumbuhan_penduduk_per_tahun,0.58
23,519,2025,Kabupaten Tuban,jumlah_penduduk,1231374.0
23,519,2025,Kabupaten Tuban,rasio_jenis_kelamin_penduduk,99.6
24,519,2025,Kabupaten Lamongan,jumlah_penduduk,1386390.0
24,519,2025,Kabupaten Lamongan,rasio_jenis_kelamin_penduduk,99.9
24,519,2025,Kabupaten Lamongan,persentase_penduduk,3.29
24,519,2025,Kabupaten Lamongan,laju_pertumbuhan_penduduk_per_tahun,0.65
24,519,2025,Kabupaten Lamongan,kepadatan_penduduk_per_km_persegi,791.0
25,519,2025,Kabupaten Gresik,laju_pertumbuhan_penduduk_per_tahun,1.04
25,519,2025,Kabupaten Gresik,kepadatan_penduduk_per_km_persegi,1096.0
25,519,2025,Kabupaten Gresik,rasio_jenis_kelamin_penduduk,101.3
25,519,2025,Kabupaten Gresik,persentase_penduduk,3.27
25,519,2025,Kabupaten Gresik,jumlah_penduduk,1377287.0
26,519,2025,Kabupaten Bangkalan,laju_pertumbuhan_penduduk_per_tahun,1.02
26,519,2025,Kabupaten Bangkalan,rasio_jenis_kelamin_penduduk,97.7
26,519,2025,Kabupaten Bangkalan,kepadatan_penduduk_per_km_persegi,855.0
26,519,2025,Kabupaten Bangkalan,jumlah_penduduk,1112956.0
26,519,2025,Kabupaten Bangkalan,persentase_penduduk,2.64
27,519,2025,Kabupaten Sampang,jumlah_penduduk,1027538.0
27,519,2025,Kabupaten Sampang,rasio_jenis_kelamin_penduduk,98.8
27,519,2025,Kabupaten Sampang,kepadatan_penduduk_per_km_persegi,837.0
27,519,2025,Kabupaten Sampang,laju_pertumbuhan_penduduk_per_tahun,1.23
27,519,2025,Kabupaten Sampang,persentase_penduduk,2.44
28,519,2025,Kabupaten Pamekasan,persentase_penduduk,2.12
28,519,2025,Kabupaten Pamekasan,kepadatan_penduduk_per_km_persegi,1123.0
28,519,2025,Kabupaten Pamekasan,rasio_jenis_kelamin_penduduk,96.9
28,519,2025,Kabupaten Pamekasan,laju_pertumbuhan_penduduk_per_tahun,1.05
28,519,2025,Kabupaten Pamekasan,jumlah_penduduk,893327.0
29,519,2025,Kabupaten Sumenep,rasio_jenis_kelamin_penduduk,94.1
29,519,2025,Kabupaten Sumenep,persentase_penduduk,2.75
29,519,2025,Kabupaten Sumenep,laju_pertumbuhan_penduduk_per_tahun,0.65
29,519,2025,Kabupaten Sumenep,jumlah_penduduk,1159397.0
29,519,2025,Kabupaten Sumenep,kepadatan_penduduk_per_km_persegi,556.0
30,519,2025,Kota Kediri,persentase_penduduk,0.72
30,519,2025,Kota Kediri,laju_pertumbuhan_penduduk_per_tahun,1.04
30,519,2025,Kota Kediri,kepadatan_penduduk_per_km_persegi,4480.0
30,519,2025,Kota Kediri,rasio_jenis_kelamin_penduduk,100.6
30,519,2025,Kota Kediri,jumlah_penduduk,301202.0
31,519,2025,Kota Blitar,jumlah_penduduk,156330.0
31,519,2025,Kota Blitar,kepadatan_penduduk_per_km_persegi,4709.0
31,519,2025,Kota Blitar,rasio_jenis_kelamin_penduduk,98.3
31,519,2025,Kota Blitar,persentase_penduduk,0.37
31,519,2025,Kota Blitar,laju_pertumbuhan_penduduk_per_tahun,0.99
32,519,2025,Kota Malang,rasio_jenis_kelamin_penduduk,98.7
32,519,2025,Kota Malang,persentase_penduduk,2.09
32,519,2025,Kota Malang,laju_pertumbuhan_penduduk_per_tahun,0.88
32,519,2025,Kota Malang,jumlah_penduduk,879873.0
32,519,2025,Kota Malang,kepadatan_penduduk_per_km_persegi,7921.0
33,519,2025,Kota Probolinggo,persentase_penduduk,0.6
33,519,2025,Kota Probolinggo,rasio_jenis_kelamin_penduduk,98.6
33,519,2025,Kota Probolinggo,kepadatan_penduduk_per_km_persegi,4610.0
33,519,2025,Kota Probolinggo,laju_pertumbuhan_penduduk_per_tahun,1.07
33,519,2025,Kota Probolinggo,jumlah_penduduk,252085.0
34,519,2025,Kota Pasuruan,persentase_penduduk,0.53
34,519,2025,Kota Pasuruan,rasio_jenis_kelamin_penduduk,100.0
34,519,2025,Kota Pasuruan,kepadatan_penduduk_per_km_persegi,5701.0
34,519,2025,Kota Pasuruan,jumlah_penduduk,222334.0
34,519,2025,Kota Pasuruan,laju_pertumbuhan_penduduk_per_tahun,1.41
35,519,2025,Kota Mojokerto,jumlah_penduduk,138613.0
35,519,2025,Kota Mojokerto,laju_pertumbuhan_penduduk_per_tahun,0.96
35,519,2025,Kota Mojokerto,persentase_penduduk,0.33
35,519,2025,Kota Mojokerto,rasio_jenis_kelamin_penduduk,98.1
35,519,2025,Kota Mojokerto,kepadatan_penduduk_per_km_persegi,6855.0
36,519,2025,Kota Madiun,kepadatan_penduduk_per_km_persegi,5634.0
36,519,2025,Kota Madiun,laju_pertumbuhan_penduduk_per_tahun,0.89
36,519,2025,Kota Madiun,persentase_penduduk,0.48
36,519,2025,Kota Madiun,rasio_jenis_kelamin_penduduk,95.9
36,519,2025,Kota Madiun,jumlah_penduduk,203552.0
37,519,2025,Kota Surabaya,laju_pertumbuhan_penduduk_per_tahun,0.42
37,519,2025,Kota Surabaya,rasio_jenis_kelamin_penduduk,97.9
37,519,2025,Kota Surabaya,jumlah_penduduk,2931611.0
37,519,2025,Kota Surabaya,persentase_penduduk,6.97
37,519,2025,Kota Surabaya,kepadatan_penduduk_per_km_persegi,8727.0
38,519,2025,Kota Batu,persentase_penduduk,0.53
38,519,2025,Kota Batu,rasio_jenis_kelamin_penduduk,101.2
38,519,2025,Kota Batu,kepadatan_penduduk_per_km_persegi,1159.0
38,519,2025,Kota Batu,jumlah_penduduk,225120.0
38,519,2025,Kota Batu,laju_pertumbuhan_penduduk_per_tahun,1.17
39,519,2025,Jawa Timur,laju_pertumbuhan_penduduk_per_tahun,0.73
39,519,2025,Jawa Timur,jumlah_penduduk,42089271.0
39,519,2025,Jawa Timur,persentase_penduduk,100.0
39,519,2025,Jawa Timur,rasio_jenis_kelamin_penduduk,99.4
39,519,2025,Jawa Timur,kepadatan_penduduk_per_km_persegi,876.0
40,519,2024,Kabupaten Pacitan,kepadatan_penduduk_per_km_persegi,411.0
40,519,2024,Kabupaten Pacitan,jumlah_penduduk,588.6
40,519,2024,Kabupaten Pacitan,persentase_penduduk,1.41
40,519,2024,Kabupaten Pacitan,rasio_jenis_kelamin_penduduk,100.8
40,519,2024,Kabupaten Pacitan,laju_pertumbuhan_penduduk_per_tahun,0.11
41,519,2024,Kabupaten Ponorogo,jumlah_penduduk,962.9
41,519,2024,Kabupaten Ponorogo,persentase_penduduk,2.3
41,519,2024,Kabupaten Ponorogo,kepadatan_penduduk_per_km_persegi,679.0
41,519,2024,Kabupaten Ponorogo,laju_pertumbuhan_penduduk_per_tahun,0.38
41,519,2024,Kabupaten Ponorogo,rasio_jenis_kelamin_penduduk,99.3
42,519,2024,Kabupaten Trenggalek,persentase_penduduk,1.78
42,519,2024,Kabupaten Trenggalek,rasio_jenis_kelamin_penduduk,100.5
42,519,2024,Kabupaten Trenggalek,kepadatan_penduduk_per_km_persegi,596.0
42,519,2024,Kabupaten Trenggalek,laju_pertumbuhan_penduduk_per_tahun,0.49
42,519,2024,Kabupaten Trenggalek,jumlah_penduduk,744.5
43,519,2024,Kabupaten Tulungagung,persentase_penduduk,2.66
43,519,2024,Kabupaten Tulungagung,jumlah_penduduk,1113.9
43,519,2024,Kabupaten Tulungagung,laju_pertumbuhan_penduduk_per_tahun,0.58
43,519,2024,Kabupaten Tulungagung,rasio_jenis_kelamin_penduduk,100.1
43,519,2024,Kabupaten Tulungagung,kepadatan_penduduk_per_km_persegi,973.0
44,519,2024,Kabupaten Blitar,persentase_penduduk,3.02
44,519,2024,Kabupaten Blitar,laju_pertumbuhan_penduduk_per_tahun,0.86
44,519,2024,Kabupaten Blitar,rasio_jenis_kelamin_penduduk,101.1
44,519,2024,Kabupaten Blitar,kepadatan_penduduk_per_km_persegi,724.0
44,519,2024,Kabupaten Blitar,jumlah_penduduk,1263.7
45,519,2024,Kabupaten Kediri,laju_pertumbuhan_penduduk_per_tahun,0.88
45,519,2024,Kabupaten Kediri,rasio_jenis_kelamin_penduduk,101.9
45,519,2024,Kabupaten Kediri,jumlah_penduduk,1689.9
45,519,2024,Kabupaten Kediri,kepadatan_penduduk_per_km_persegi,1109.0
45,519,2024,Kabupaten Kediri,persentase_penduduk,4.04
46,519,2024,Kabupaten Malang,kepadatan_penduduk_per_km_persegi,788.0
46,519,2024,Kabupaten Malang,persentase_penduduk,6.54
46,519,2024,Kabupaten Malang,rasio_jenis_kelamin_penduduk,101.1
46,519,2024,Kabupaten Malang,jumlah_penduduk,2736.0
46,519,2024,Kabupaten Malang,laju_pertumbuhan_penduduk_per_tahun,0.81
47,519,2024,Kabupaten Lumajang,kepadatan_penduduk_per_km_persegi,638.0
47,519,2024,Kabupaten Lumajang,persentase_penduduk,2.74
47,519,2024,Kabupaten Lumajang,laju_pertumbuhan_penduduk_per_tahun,0.63
47,519,2024,Kabupaten Lumajang,jumlah_penduduk,1145.9
47,519,2024,Kabupaten Lumajang,rasio_jenis_kelamin_penduduk,97.8
48,519,2024,Kabupaten Jember,laju_pertumbuhan_penduduk_per_tahun,0.7
48,519,2024,Kabupaten Jember,rasio_jenis_kelamin_penduduk,99.3
48,519,2024,Kabupaten Jember,kepadatan_penduduk_per_km_persegi,786.0
48,519,2024,Kabupaten Jember,jumlah_penduduk,2603.8
48,519,2024,Kabupaten Jember,persentase_penduduk,6.23
49,519,2024,Kabupaten Banyuwangi,laju_pertumbuhan_penduduk_per_tahun,0.72
49,519,2024,Kabupaten Banyuwangi,persentase_penduduk,4.2
49,519,2024,Kabupaten Banyuwangi,jumlah_penduduk,1754.4
49,519,2024,Kabupaten Banyuwangi,kepadatan_penduduk_per_km_persegi,488.0
49,519,2024,Kabupaten Banyuwangi,rasio_jenis_kelamin_penduduk,100.0
50,519,2024,Kabupaten Bondowoso,persentase_penduduk,1.89
50,519,2024,Kabupaten Bondowoso,rasio_jenis_kelamin_penduduk,97.3
50,519,2024,Kabupaten Bondowoso,kepadatan_penduduk_per_km_persegi,510.0
50,519,2024,Kabupaten Bondowoso,laju_pertumbuhan_penduduk_per_tahun,0.55
50,519,2024,Kabupaten Bondowoso,jumlah_penduduk,792.3
51,519,2024,Kabupaten Situbondo,kepadatan_penduduk_per_km_persegi,424.0
51,519,2024,Kabupaten Situbondo,jumlah_penduduk,700.7
51,519,2024,Kabupaten Situbondo,laju_pertumbuhan_penduduk_per_tahun,0.57
51,519,2024,Kabupaten Situbondo,rasio_jenis_kelamin_penduduk,96.6
51,519,2024,Kabupaten Situbondo,persentase_penduduk,1.68
52,519,2024,Kabupaten Probolinggo,kepadatan_penduduk_per_km_persegi,687.0
52,519,2024,Kabupaten Probolinggo,rasio_jenis_kelamin_penduduk,97.4
52,519,2024,Kabupaten Probolinggo,laju_pertumbuhan_penduduk_per_tahun,0.75
52,519,2024,Kabupaten Probolinggo,persentase_penduduk,2.83
52,519,2024,Kabupaten Probolinggo,jumlah_penduduk,1185.2
53,519,2024,Kabupaten Pasuruan,persentase_penduduk,3.96
53,519,2024,Kabupaten Pasuruan,kepadatan_penduduk_per_km_persegi,1110.0
53,519,2024,Kabupaten Pasuruan,laju_pertumbuhan_penduduk_per_tahun,0.84
53,519,2024,Kabupaten Pasuruan,rasio_jenis_kelamin_penduduk,100.1
53,519,2024,Kabupaten Pasuruan,jumlah_penduduk,1657.2
54,519,2024,Kabupaten Sidoarjo,laju_pertumbuhan_penduduk_per_tahun,1.12
54,519,2024,Kabupaten Sidoarjo,rasio_jenis_kelamin_penduduk,101.0
54,519,2024,Kabupaten Sidoarjo,jumlah_penduduk,2171.5
54,519,2024,Kabupaten Sidoarjo,persentase_penduduk,5.19
54,519,2024,Kabupaten Sidoarjo,kepadatan_penduduk_per_km_persegi,2999.0
55,519,2024,Kabupaten Mojokerto,rasio_jenis_kelamin_penduduk,101.1
55,519,2024,Kabupaten Mojokerto,laju_pertumbuhan_penduduk_per_tahun,0.83
55,519,2024,Kabupaten Mojokerto,kepadatan_penduduk_per_km_persegi,1172.0
55,519,2024,Kabupaten Mojokerto,persentase_penduduk,2.76
55,519,2024,Kabupaten Mojokerto,jumlah_penduduk,1154.3
56,519,2024,Kabupaten Jombang,kepadatan_penduduk_per_km_persegi,1228.0
56,519,2024,Kabupaten Jombang,laju_pertumbuhan_penduduk_per_tahun,0.89
56,519,2024,Kabupaten Jombang,persentase_penduduk,3.26
56,519,2024,Kabupaten Jombang,jumlah_penduduk,1362.7
56,519,2024,Kabupaten Jombang,rasio_jenis_kelamin_penduduk,101.6
57,519,2024,Kabupaten Nganjuk,laju_pertumbuhan_penduduk_per_tahun,0.67
57,519,2024,Kabupaten Nganjuk,kepadatan_penduduk_per_km_persegi,878.0
57,519,2024,Kabupaten Nganjuk,persentase_penduduk,2.71
57,519,2024,Kabupaten Nganjuk,rasio_jenis_kelamin_penduduk,101.0
57,519,2024,Kabupaten Nganjuk,jumlah_penduduk,1131.8
58,519,2024,Kabupaten Madiun,kepadatan_penduduk_per_km_persegi,681.0
58,519,2024,Kabupaten Madiun,laju_pertumbuhan_penduduk_per_tahun,0.48
58,519,2024,Kabupaten Madiun,jumlah_penduduk,757.8
58,519,2024,Kabupaten Madiun,rasio_jenis_kelamin_penduduk,97.9
58,519,2024,Kabupaten Madiun,persentase_penduduk,1.81
59,519,2024,Kabupaten Magetan,rasio_jenis_kelamin_penduduk,96.8
59,519,2024,Kabupaten Magetan,laju_pertumbuhan_penduduk_per_tahun,0.58
59,519,2024,Kabupaten Magetan,persentase_penduduk,1.64
59,519,2024,Kabupaten Magetan,jumlah_penduduk,685.5
59,519,2024,Kabupaten Magetan,kepadatan_penduduk_per_km_persegi,970.0
60,519,2024,Kabupaten Ngawi,kepadatan_penduduk_per_km_persegi,633.0
60,519,2024,Kabupaten Ngawi,jumlah_penduduk,884.1
60,519,2024,Kabupaten Ngawi,laju_pertumbuhan_penduduk_per_tahun,0.43
60,519,2024,Kabupaten Ngawi,rasio_jenis_kelamin_penduduk,98.1
60,519,2024,Kabupaten Ngawi,persentase_penduduk,2.11
61,519,2024,Kabupaten Bojonegoro,persentase_penduduk,3.17
61,519,2024,Kabupaten Bojonegoro,kepadatan_penduduk_per_km_persegi,573.0
61,519,2024,Kabupaten Bojonegoro,rasio_jenis_kelamin_penduduk,100.6
61,519,2024,Kabupaten Bojonegoro,jumlah_penduduk,1325.3
61,519,2024,Kabupaten Bojonegoro,laju_pertumbuhan_penduduk_per_tahun,0.48
62,519,2024,Kabupaten Tuban,laju_pertumbuhan_penduduk_per_tahun,0.6
62,519,2024,Kabupaten Tuban,jumlah_penduduk,1225.2
62,519,2024,Kabupaten Tuban,persentase_penduduk,2.93
62,519,2024,Kabupaten Tuban,rasio_jenis_kelamin_penduduk,99.7
62,519,2024,Kabupaten Tuban,kepadatan_penduduk_per_km_persegi,621.0
63,519,2024,Kabupaten Lamongan,kepadatan_penduduk_per_km_persegi,786.0
63,519,2024,Kabupaten Lamongan,laju_pertumbuhan_penduduk_per_tahun,0.67
63,519,2024,Kabupaten Lamongan,rasio_jenis_kelamin_penduduk,100.0
63,519,2024,Kabupaten Lamongan,persentase_penduduk,3.3
63,519,2024,Kabupaten Lamongan,jumlah_penduduk,1378.2
64,519,2024,Kabupaten Gresik,rasio_jenis_kelamin_penduduk,101.4
64,519,2024,Kabupaten Gresik,laju_pertumbuhan_penduduk_per_tahun,1.06
64,519,2024,Kabupaten Gresik,jumlah_penduduk,1364.0
64,519,2024,Kabupaten Gresik,kepadatan_penduduk_per_km_persegi,1086.0
64,519,2024,Kabupaten Gresik,persentase_penduduk,3.26
65,519,2024,Kabupaten Bangkalan,rasio_jenis_kelamin_penduduk,97.7
65,519,2024,Kabupaten Bangkalan,laju_pertumbuhan_penduduk_per_tahun,1.04
65,519,2024,Kabupaten Bangkalan,kepadatan_penduduk_per_km_persegi,847.0
65,519,2024,Kabupaten Bangkalan,jumlah_penduduk,1102.5
65,519,2024,Kabupaten Bangkalan,persentase_penduduk,2.64
66,519,2024,Kabupaten Sampang,laju_pertumbuhan_penduduk_per_tahun,1.26
66,519,2024,Kabupaten Sampang,kepadatan_penduduk_per_km_persegi,827.0
66,519,2024,Kabupaten Sampang,persentase_penduduk,2.43
66,519,2024,Kabupaten Sampang,rasio_jenis_kelamin_penduduk,98.8
66,519,2024,Kabupaten Sampang,jumlah_penduduk,1016.3
67,519,2024,Kabupaten Pamekasan,rasio_jenis_kelamin_penduduk,96.8
67,519,2024,Kabupaten Pamekasan,laju_pertumbuhan_penduduk_per_tahun,1.07
67,519,2024,Kabupaten Pamekasan,kepadatan_penduduk_per_km_persegi,1113.0
67,519,2024,Kabupaten Pamekasan,jumlah_penduduk,884.7
67,519,2024,Kabupaten Pamekasan,persentase_penduduk,2.12
68,519,2024,Kabupaten Sumenep,rasio_jenis_kelamin_penduduk,94.1
68,519,2024,Kabupaten Sumenep,jumlah_penduduk,1153.2
68,519,2024,Kabupaten Sumenep,kepadatan_penduduk_per_km_persegi,553.0
68,519,2024,Kabupaten Sumenep,laju_pertumbuhan_penduduk_per_tahun,0.68
68,519,2024,Kabupaten Sumenep,persentase_penduduk,2.76
69,519,2024,Kota Kediri,laju_pertumbuhan_penduduk_per_tahun,1.05
69,519,2024,Kota Kediri,rasio_jenis_kelamin_penduduk,100.6
69,519,2024,Kota Kediri,jumlah_penduduk,298.2
69,519,2024,Kota Kediri,kepadatan_penduduk_per_km_persegi,4436.0
69,519,2024,Kota Kediri,persentase_penduduk,0.71
70,519,2024,Kota Blitar,rasio_jenis_kelamin_penduduk,98.5
70,519,2024,Kota Blitar,jumlah_penduduk,154.9
70,519,2024,Kota Blitar,kepadatan_penduduk_per_km_persegi,4664.0
70,519,2024,Kota Blitar,laju_pertumbuhan_penduduk_per_tahun,1.02
70,519,2024,Kota Blitar,persentase_penduduk,0.37
71,519,2024,Kota Malang,kepadatan_penduduk_per_km_persegi,7857.0
71,519,2024,Kota Malang,rasio_jenis_kelamin_penduduk,98.8
71,519,2024,Kota Malang,persentase_penduduk,2.09
71,519,2024,Kota Malang,laju_pertumbuhan_penduduk_per_tahun,0.9
71,519,2024,Kota Malang,jumlah_penduduk,872.7
72,519,2024,Kota Probolinggo,kepadatan_penduduk_per_km_persegi,4564.0
72,519,2024,Kota Probolinggo,rasio_jenis_kelamin_penduduk,98.6
72,519,2024,Kota Probolinggo,persentase_penduduk,0.6
72,519,2024,Kota Probolinggo,jumlah_penduduk,249.5
72,519,2024,Kota Probolinggo,laju_pertumbuhan_penduduk_per_tahun,1.09
73,519,2024,Kota Pasuruan,rasio_jenis_kelamin_penduduk,100.1
73,519,2024,Kota Pasuruan,kepadatan_penduduk_per_km_persegi,5626.0
73,519,2024,Kota Pasuruan,jumlah_penduduk,219.4
73,519,2024,Kota Pasuruan,persentase_penduduk,0.52
73,519,2024,Kota Pasuruan,laju_pertumbuhan_penduduk_per_tahun,1.43
74,519,2024,Kota Mojokerto,rasio_jenis_kelamin_penduduk,98.2
74,519,2024,Kota Mojokerto,kepadatan_penduduk_per_km_persegi,6796.0
74,519,2024,Kota Mojokerto,jumlah_penduduk,137.4
74,519,2024,Kota Mojokerto,laju_pertumbuhan_penduduk_per_tahun,0.99
74,519,2024,Kota Mojokerto,persentase_penduduk,0.33
75,519,2024,Kota Madiun,kepadatan_penduduk_per_km_persegi,5585.0
75,519,2024,Kota Madiun,persentase_penduduk,0.48
75,519,2024,Kota Madiun,laju_pertumbuhan_penduduk_per_tahun,0.89
75,519,2024,Kota Madiun,jumlah_penduduk,201.8
75,519,2024,Kota Madiun,rasio_jenis_kelamin_penduduk,95.9
76,519,2024,Kota Surabaya,kepadatan_penduduk_per_km_persegi,8698.0
76,519,2024,Kota Surabaya,jumlah_penduduk,2922.0
76,519,2024,Kota Surabaya,persentase_penduduk,6.99
76,519,2024,Kota Surabaya,rasio_jenis_kelamin_penduduk,98.0
76,519,2024,Kota Surabaya,laju_pertumbuhan_penduduk_per_tahun,0.44
77,519,2024,Kota Batu,jumlah_penduduk,222.7
77,519,2024,Kota Batu,laju_pertumbuhan_penduduk_per_tahun,1.19
77,519,2024,Kota Batu,kepadatan_penduduk_per_km_persegi,1147.0
77,519,2024,Kota Batu,persentase_penduduk,0.53
77,519,2024,Kota Batu,rasio_jenis_kelamin_penduduk,101.3
78,519,2024,Jawa Timur,persentase_penduduk,100.0
78,519,2024,Jawa Timur,rasio_jenis_kelamin_penduduk,99.4
78,519,2024,Jawa Timur,laju_pertumbuhan_penduduk_per_tahun,0.75
78,519,2024,Jawa Timur,kepadatan_penduduk_per_km_persegi,870.0
78,519,2024,Jawa Timur,jumlah_penduduk,41814.5
79,519,2023,Kabupaten Pacitan,laju_pertumbuhan_penduduk_per_tahun,0.12
79,519,2023,Kabupaten Pacitan,jumlah_penduduk,588.0
79,519,2023,Kabupaten Pacitan,rasio_jenis_kelamin_penduduk,100.8
79,519,2023,Kabupaten Pacitan,kepadatan_penduduk_per_km_persegi,410.0
79,519,2023,Kabupaten Pacitan,persentase_penduduk,1.42
80,519,2023,Kabupaten Ponorogo,jumlah_penduduk,959.5
80,519,2023,Kabupaten Ponorogo,kepadatan_penduduk_per_km_persegi,676.0
80,519,2023,Kabupaten Ponorogo,rasio_jenis_kelamin_penduduk,99.4
80,519,2023,Kabupaten Ponorogo,laju_pertumbuhan_penduduk_per_tahun,0.39
80,519,2023,Kabupaten Ponorogo,persentase_penduduk,2.31
81,519,2023,Kabupaten Trenggalek,rasio_jenis_kelamin_penduduk,100.6
81,519,2023,Kabupaten Trenggalek,jumlah_penduduk,741.2
81,519,2023,Kabupaten Trenggalek,kepadatan_penduduk_per_km_persegi,593.0
81,519,2023,Kabupaten Trenggalek,laju_pertumbuhan_penduduk_per_tahun,0.5
81,519,2023,Kabupaten Trenggalek,persentase_penduduk,1.78
82,519,2023,Kabupaten Tulungagung,kepadatan_penduduk_per_km_persegi,968.0
82,519,2023,Kabupaten Tulungagung,laju_pertumbuhan_penduduk_per_tahun,0.6
82,519,2023,Kabupaten Tulungagung,jumlah_penduduk,1107.8
82,519,2023,Kabupaten Tulungagung,persentase_penduduk,2.67
82,519,2023,Kabupaten Tulungagung,rasio_jenis_kelamin_penduduk,100.1
83,519,2023,Kabupaten Blitar,rasio_jenis_kelamin_penduduk,101.2
83,519,2023,Kabupaten Blitar,jumlah_penduduk,1253.6
83,519,2023,Kabupaten Blitar,kepadatan_penduduk_per_km_persegi,718.0
83,519,2023,Kabupaten Blitar,laju_pertumbuhan_penduduk_per_tahun,0.88
83,519,2023,Kabupaten Blitar,persentase_penduduk,3.02
84,519,2023,Kabupaten Kediri,jumlah_penduduk,1677.2
84,519,2023,Kabupaten Kediri,kepadatan_penduduk_per_km_persegi,1101.0
84,519,2023,Kabupaten Kediri,rasio_jenis_kelamin_penduduk,101.9
84,519,2023,Kabupaten Kediri,persentase_penduduk,4.04
84,519,2023,Kabupaten Kediri,laju_pertumbuhan_penduduk_per_tahun,0.92
85,519,2023,Kabupaten Malang,jumlah_penduduk,2715.6
85,519,2023,Kabupaten Malang,rasio_jenis_kelamin_penduduk,101.2
85,519,2023,Kabupaten Malang,kepadatan_penduduk_per_km_persegi,782.0
85,519,2023,Kabupaten Malang,persentase_penduduk,6.54
85,519,2023,Kabupaten Malang,laju_pertumbuhan_penduduk_per_tahun,0.83
86,519,2023,Kabupaten Lumajang,persentase_penduduk,2.74
86,519,2023,Kabupaten Lumajang,jumlah_penduduk,1139.1
86,519,2023,Kabupaten Lumajang,laju_pertumbuhan_penduduk_per_tahun,0.64
86,519,2023,Kabupaten Lumajang,kepadatan_penduduk_per_km_persegi,634.0
86,519,2023,Kabupaten Lumajang,rasio_jenis_kelamin_penduduk,97.8
87,519,2023,Kabupaten Jember,persentase_penduduk,6.23
87,519,2023,Kabupaten Jember,laju_pertumbuhan_penduduk_per_tahun,0.71
87,519,2023,Kabupaten Jember,jumlah_penduduk,2586.8
87,519,2023,Kabupaten Jember,rasio_jenis_kelamin_penduduk,99.3
87,519,2023,Kabupaten Jember,kepadatan_penduduk_per_km_persegi,781.0
88,519,2023,Kabupaten Banyuwangi,persentase_penduduk,4.2
88,519,2023,Kabupaten Banyuwangi,kepadatan_penduduk_per_km_persegi,485.0
88,519,2023,Kabupaten Banyuwangi,laju_pertumbuhan_penduduk_per_tahun,0.76
88,519,2023,Kabupaten Banyuwangi,jumlah_penduduk,1743.9
88,519,2023,Kabupaten Banyuwangi,rasio_jenis_kelamin_penduduk,100.1
89,519,2023,Kabupaten Bondowoso,jumlah_penduduk,788.2
89,519,2023,Kabupaten Bondowoso,kepadatan_penduduk_per_km_persegi,507.0
89,519,2023,Kabupaten Bondowoso,rasio_jenis_kelamin_penduduk,97.2
89,519,2023,Kabupaten Bondowoso,laju_pertumbuhan_penduduk_per_tahun,0.56
89,519,2023,Kabupaten Bondowoso,persentase_penduduk,1.9
90,519,2023,Kabupaten Situbondo,kepadatan_penduduk_per_km_persegi,421.0
90,519,2023,Kabupaten Situbondo,laju_pertumbuhan_penduduk_per_tahun,0.58
90,519,2023,Kabupaten Situbondo,rasio_jenis_kelamin_penduduk,96.6
90,519,2023,Kabupaten Situbondo,persentase_penduduk,1.68
90,519,2023,Kabupaten Situbondo,jumlah_penduduk,697.0
91,519,2023,Kabupaten Probolinggo,persentase_penduduk,2.83
91,519,2023,Kabupaten Probolinggo,laju_pertumbuhan_penduduk_per_tahun,0.77
91,519,2023,Kabupaten Probolinggo,rasio_jenis_kelamin_penduduk,97.5
91,519,2023,Kabupaten Probolinggo,jumlah_penduduk,1176.9
91,519,2023,Kabupaten Probolinggo,kepadatan_penduduk_per_km_persegi,682.0
92,519,2023,Kabupaten Pasuruan,persentase_penduduk,3.96
92,519,2023,Kabupaten Pasuruan,jumlah_penduduk,1644.5
92,519,2023,Kabupaten Pasuruan,kepadatan_penduduk_per_km_persegi,1101.0
92,519,2023,Kabupaten Pasuruan,rasio_jenis_kelamin_penduduk,100.1
92,519,2023,Kabupaten Pasuruan,laju_pertumbuhan_penduduk_per_tahun,0.86
93,519,2023,Kabupaten Sidoarjo,jumlah_penduduk,2148.7
93,519,2023,Kabupaten Sidoarjo,laju_pertumbuhan_penduduk_per_tahun,1.14
93,519,2023,Kabupaten Sidoarjo,persentase_penduduk,5.17
93,519,2023,Kabupaten Sidoarjo,kepadatan_penduduk_per_km_persegi,2968.0
93,519,2023,Kabupaten Sidoarjo,rasio_jenis_kelamin_penduduk,101.1
94,519,2023,Kabupaten Mojokerto,kepadatan_penduduk_per_km_persegi,1163.0
94,519,2023,Kabupaten Mojokerto,jumlah_penduduk,1145.5
94,519,2023,Kabupaten Mojokerto,persentase_penduduk,2.76
94,519,2023,Kabupaten Mojokerto,laju_pertumbuhan_penduduk_per_tahun,0.85
94,519,2023,Kabupaten Mojokerto,rasio_jenis_kelamin_penduduk,101.1
95,519,2023,Kabupaten Jombang,kepadatan_penduduk_per_km_persegi,1218.0
95,519,2023,Kabupaten Jombang,laju_pertumbuhan_penduduk_per_tahun,0.91
95,519,2023,Kabupaten Jombang,rasio_jenis_kelamin_penduduk,101.6
95,519,2023,Kabupaten Jombang,persentase_penduduk,3.25
95,519,2023,Kabupaten Jombang,jumlah_penduduk,1351.3
96,519,2023,Kabupaten Nganjuk,jumlah_penduduk,1124.7
96,519,2023,Kabupaten Nganjuk,persentase_penduduk,2.71
96,519,2023,Kabupaten Nganjuk,kepadatan_penduduk_per_km_persegi,872.0
96,519,2023,Kabupaten Nganjuk,rasio_jenis_kelamin_penduduk,101.1
96,519,2023,Kabupaten Nganjuk,laju_pertumbuhan_penduduk_per_tahun,0.68
97,519,2023,Kabupaten Madiun,laju_pertumbuhan_penduduk_per_tahun,0.49
97,519,2023,Kabupaten Madiun,persentase_penduduk,1.82
97,519,2023,Kabupaten Madiun,rasio_jenis_kelamin_penduduk,98.0
97,519,2023,Kabupaten Madiun,kepadatan_penduduk_per_km_persegi,678.0
97,519,2023,Kabupaten Madiun,jumlah_penduduk,754.5
98,519,2023,Kabupaten Magetan,jumlah_penduduk,681.7
98,519,2023,Kabupaten Magetan,laju_pertumbuhan_penduduk_per_tahun,0.59
98,519,2023,Kabupaten Magetan,persentase_penduduk,1.64
98,519,2023,Kabupaten Magetan,kepadatan_penduduk_per_km_persegi,965.0
98,519,2023,Kabupaten Magetan,rasio_jenis_kelamin_penduduk,96.8
99,519,2023,Kabupaten Ngawi,rasio_jenis_kelamin_penduduk,98.3
99,519,2023,Kabupaten Ngawi,jumlah_penduduk,880.7
99,519,2023,Kabupaten Ngawi,kepadatan_penduduk_per_km_persegi,631.0
99,519,2023,Kabupaten Ngawi,laju_pertumbuhan_penduduk_per_tahun,0.44
99,519,2023,Kabupaten Ngawi,persentase_penduduk,2.12
100,519,2023,Kabupaten Bojonegoro,kepadatan_penduduk_per_km_persegi,571.0
100,519,2023,Kabupaten Bojonegoro,laju_pertumbuhan_penduduk_per_tahun,0.5
100,519,2023,Kabupaten Bojonegoro,jumlah_penduduk,1319.6
100,519,2023,Kabupaten Bojonegoro,persentase_penduduk,3.18
100,519,2023,Kabupaten Bojonegoro,rasio_jenis_kelamin_penduduk,100.7
101,519,2023,Kabupaten Tuban,kepadatan_penduduk_per_km_persegi,617.0
101,519,2023,Kabupaten Tuban,jumlah_penduduk,1218.6
101,519,2023,Kabupaten Tuban,laju_pertumbuhan_penduduk_per_tahun,0.62
101,519,2023,Kabupaten Tuban,persentase_penduduk,2.93
101,519,2023,Kabupaten Tuban,rasio_jenis_kelamin_penduduk,99.7
102,519,2023,Kabupaten Lamongan,jumlah_penduduk,1369.5
102,519,2023,Kabupaten Lamongan,kepadatan_penduduk_per_km_persegi,781.0
102,519,2023,Kabupaten Lamongan,laju_pertumbuhan_penduduk_per_tahun,0.68
102,519,2023,Kabupaten Lamongan,rasio_jenis_kelamin_penduduk,100.1
102,519,2023,Kabupaten Lamongan,persentase_penduduk,3.3
103,519,2023,Kabupaten Gresik,rasio_jenis_kelamin_penduduk,101.4
103,519,2023,Kabupaten Gresik,persentase_penduduk,3.25
103,519,2023,Kabupaten Gresik,jumlah_penduduk,1350.4
103,519,2023,Kabupaten Gresik,laju_pertumbuhan_penduduk_per_tahun,1.08
103,519,2023,Kabupaten Gresik,kepadatan_penduduk_per_km_persegi,1075.0
104,519,2023,Kabupaten Bangkalan,jumlah_penduduk,1091.8
104,519,2023,Kabupaten Bangkalan,laju_pertumbuhan_penduduk_per_tahun,1.07
104,519,2023,Kabupaten Bangkalan,kepadatan_penduduk_per_km_persegi,839.0
104,519,2023,Kabupaten Bangkalan,persentase_penduduk,2.63
104,519,2023,Kabupaten Bangkalan,rasio_jenis_kelamin_penduduk,97.6
105,519,2023,Kabupaten Sampang,kepadatan_penduduk_per_km_persegi,818.0
105,519,2023,Kabupaten Sampang,jumlah_penduduk,1004.5
105,519,2023,Kabupaten Sampang,rasio_jenis_kelamin_penduduk,98.9
105,519,2023,Kabupaten Sampang,laju_pertumbuhan_penduduk_per_tahun,1.29
105,519,2023,Kabupaten Sampang,persentase_penduduk,2.42
106,519,2023,Kabupaten Pamekasan,laju_pertumbuhan_penduduk_per_tahun,1.09
106,519,2023,Kabupaten Pamekasan,persentase_penduduk,2.11
106,519,2023,Kabupaten Pamekasan,rasio_jenis_kelamin_penduduk,96.7
106,519,2023,Kabupaten Pamekasan,kepadatan_penduduk_per_km_persegi,1101.0
106,519,2023,Kabupaten Pamekasan,jumlah_penduduk,875.8
107,519,2023,Kabupaten Sumenep,persentase_penduduk,2.76
107,519,2023,Kabupaten Sumenep,rasio_jenis_kelamin_penduduk,94.0
107,519,2023,Kabupaten Sumenep,kepadatan_penduduk_per_km_persegi,550.0
107,519,2023,Kabupaten Sumenep,jumlah_penduduk,1146.6
107,519,2023,Kabupaten Sumenep,laju_pertumbuhan_penduduk_per_tahun,0.71
108,519,2023,Kota Kediri,kepadatan_penduduk_per_km_persegi,4391.0
108,519,2023,Kota Kediri,rasio_jenis_kelamin_penduduk,100.5
108,519,2023,Kota Kediri,laju_pertumbuhan_penduduk_per_tahun,2.94
108,519,2023,Kota Kediri,persentase_penduduk,0.71
108,519,2023,Kota Kediri,jumlah_penduduk,295.2
109,519,2023,Kota Blitar,rasio_jenis_kelamin_penduduk,98.6
109,519,2023,Kota Blitar,jumlah_penduduk,153.4
109,519,2023,Kota Blitar,kepadatan_penduduk_per_km_persegi,4619.0
109,519,2023,Kota Blitar,persentase_penduduk,0.37
109,519,2023,Kota Blitar,laju_pertumbuhan_penduduk_per_tahun,2.86
110,519,2023,Kota Malang,rasio_jenis_kelamin_penduduk,98.9
110,519,2023,Kota Malang,persentase_penduduk,2.08
110,519,2023,Kota Malang,laju_pertumbuhan_penduduk_per_tahun,2.55
110,519,2023,Kota Malang,jumlah_penduduk,865.3
110,519,2023,Kota Malang,kepadatan_penduduk_per_km_persegi,7790.0
111,519,2023,Kota Probolinggo,rasio_jenis_kelamin_penduduk,98.5
111,519,2023,Kota Probolinggo,laju_pertumbuhan_penduduk_per_tahun,3.08
111,519,2023,Kota Probolinggo,jumlah_penduduk,247.0
111,519,2023,Kota Probolinggo,kepadatan_penduduk_per_km_persegi,4517.0
111,519,2023,Kota Probolinggo,persentase_penduduk,0.59
112,519,2023,Kota Pasuruan,rasio_jenis_kelamin_penduduk,100.1
112,519,2023,Kota Pasuruan,laju_pertumbuhan_penduduk_per_tahun,4.04
112,519,2023,Kota Pasuruan,persentase_penduduk,0.52
112,519,2023,Kota Pasuruan,kepadatan_penduduk_per_km_persegi,5549.0
112,519,2023,Kota Pasuruan,jumlah_penduduk,216.4
113,519,2023,Kota Mojokerto,rasio_jenis_kelamin_penduduk,98.3
113,519,2023,Kota Mojokerto,laju_pertumbuhan_penduduk_per_tahun,2.8
113,519,2023,Kota Mojokerto,jumlah_penduduk,136.1
113,519,2023,Kota Mojokerto,persentase_penduduk,0.33
113,519,2023,Kota Mojokerto,kepadatan_penduduk_per_km_persegi,6732.0
114,519,2023,Kota Madiun,rasio_jenis_kelamin_penduduk,95.9
114,519,2023,Kota Madiun,persentase_penduduk,0.48
114,519,2023,Kota Madiun,kepadatan_penduduk_per_km_persegi,5536.0
114,519,2023,Kota Madiun,laju_pertumbuhan_penduduk_per_tahun,2.45
114,519,2023,Kota Madiun,jumlah_penduduk,200.0
115,519,2023,Kota Surabaya,rasio_jenis_kelamin_penduduk,98.1
115,519,2023,Kota Surabaya,jumlah_penduduk,2911.4
115,519,2023,Kota Surabaya,kepadatan_penduduk_per_km_persegi,8667.0
115,519,2023,Kota Surabaya,persentase_penduduk,7.01
115,519,2023,Kota Surabaya,laju_pertumbuhan_penduduk_per_tahun,1.29
116,519,2023,Kota Batu,rasio_jenis_kelamin_penduduk,101.3
116,519,2023,Kota Batu,laju_pertumbuhan_penduduk_per_tahun,3.38
116,519,2023,Kota Batu,jumlah_penduduk,220.2
116,519,2023,Kota Batu,persentase_penduduk,0.53
116,519,2023,Kota Batu,kepadatan_penduduk_per_km_persegi,1134.0
117,519,2023,Jawa Timur,rasio_jenis_kelamin_penduduk,99.5
117,519,2023,Jawa Timur,kepadatan_penduduk_per_km_persegi,865.0
117,519,2023,Jawa Timur,jumlah_penduduk,41527.9
117,519,2023,Jawa Timur,persentase_penduduk,100.0
117,519,2023,Jawa Timur,laju_pertumbuhan_penduduk_per_tahun,2.12
118,519,2021,Kabupaten Pacitan,laju_pertumbuhan_penduduk_per_tahun,0.68
118,519,2021,Kabupaten Pacitan,jumlah_penduduk,589.1
118,519,2021,Kabupaten Pacitan,rasio_jenis_kelamin_penduduk,100.4
118,519,2021,Kabupaten Pacitan,persentase_penduduk,1.44
118,519,2021,Kabupaten Pacitan,kepadatan_penduduk_per_km_persegi,424.0
119,519,2021,Kabupaten Ponorogo,rasio_jenis_kelamin_penduduk,99.8
119,519,2021,Kabupaten Ponorogo,laju_pertumbuhan_penduduk_per_tahun,0.92
119,519,2021,Kabupaten Ponorogo,kepadatan_penduduk_per_km_persegi,732.0
119,519,2021,Kabupaten Ponorogo,jumlah_penduduk,955.8
119,519,2021,Kabupaten Ponorogo,persentase_penduduk,2.34
120,519,2021,Kabupaten Trenggalek,persentase_penduduk,1.8
120,519,2021,Kabupaten Trenggalek,jumlah_penduduk,734.9
120,519,2021,Kabupaten Trenggalek,rasio_jenis_kelamin_penduduk,101.0
120,519,2021,Kabupaten Trenggalek,laju_pertumbuhan_penduduk_per_tahun,0.69
120,519,2021,Kabupaten Trenggalek,kepadatan_penduduk_per_km_persegi,641.0
121,519,2021,Kabupaten Tulungagung,kepadatan_penduduk_per_km_persegi,1039.0
121,519,2021,Kabupaten Tulungagung,laju_pertumbuhan_penduduk_per_tahun,0.83
121,519,2021,Kabupaten Tulungagung,persentase_penduduk,2.68
121,519,2021,Kabupaten Tulungagung,rasio_jenis_kelamin_penduduk,100.1
121,519,2021,Kabupaten Tulungagung,jumlah_penduduk,1096.6
122,519,2021,Kabupaten Blitar,persentase_penduduk,3.01
122,519,2021,Kabupaten Blitar,laju_pertumbuhan_penduduk_per_tahun,0.79
122,519,2021,Kabupaten Blitar,kepadatan_penduduk_per_km_persegi,921.0
122,519,2021,Kabupaten Blitar,rasio_jenis_kelamin_penduduk,101.5
122,519,2021,Kabupaten Blitar,jumlah_penduduk,1231.0
123,519,2021,Kabupaten Kediri,rasio_jenis_kelamin_penduduk,102.0
123,519,2021,Kabupaten Kediri,jumlah_penduduk,1644.4
123,519,2021,Kabupaten Kediri,persentase_penduduk,4.02
123,519,2021,Kabupaten Kediri,laju_pertumbuhan_penduduk_per_tahun,0.74
123,519,2021,Kabupaten Kediri,kepadatan_penduduk_per_km_persegi,1186.0
124,519,2021,Kabupaten Malang,laju_pertumbuhan_penduduk_per_tahun,0.7
124,519,2021,Kabupaten Malang,rasio_jenis_kelamin_penduduk,101.6
124,519,2021,Kabupaten Malang,kepadatan_penduduk_per_km_persegi,756.0
124,519,2021,Kabupaten Malang,persentase_penduduk,6.53
124,519,2021,Kabupaten Malang,jumlah_penduduk,2668.3
125,519,2021,Kabupaten Lumajang,kepadatan_penduduk_per_km_persegi,629.0
125,519,2021,Kabupaten Lumajang,rasio_jenis_kelamin_penduduk,97.8
125,519,2021,Kabupaten Lumajang,persentase_penduduk,2.76
125,519,2021,Kabupaten Lumajang,laju_pertumbuhan_penduduk_per_tahun,0.94
125,519,2021,Kabupaten Lumajang,jumlah_penduduk,1127.1
126,519,2021,Kabupaten Jember,persentase_penduduk,6.24
126,519,2021,Kabupaten Jember,jumlah_penduduk,2550.4
126,519,2021,Kabupaten Jember,laju_pertumbuhan_penduduk_per_tahun,0.72
126,519,2021,Kabupaten Jember,rasio_jenis_kelamin_penduduk,99.4
126,519,2021,Kabupaten Jember,kepadatan_penduduk_per_km_persegi,825.0
127,519,2021,Kabupaten Banyuwangi,persentase_penduduk,4.2
127,519,2021,Kabupaten Banyuwangi,jumlah_penduduk,1718.5
127,519,2021,Kabupaten Banyuwangi,kepadatan_penduduk_per_km_persegi,297.0
127,519,2021,Kabupaten Banyuwangi,laju_pertumbuhan_penduduk_per_tahun,0.81
127,519,2021,Kabupaten Banyuwangi,rasio_jenis_kelamin_penduduk,100.2
128,519,2021,Kabupaten Bondowoso,kepadatan_penduduk_per_km_persegi,510.0
128,519,2021,Kabupaten Bondowoso,persentase_penduduk,1.9
128,519,2021,Kabupaten Bondowoso,jumlah_penduduk,778.5
128,519,2021,Kabupaten Bondowoso,rasio_jenis_kelamin_penduduk,97.0
128,519,2021,Kabupaten Bondowoso,laju_pertumbuhan_penduduk_per_tahun,0.41
129,519,2021,Kabupaten Situbondo,persentase_penduduk,1.68
129,519,2021,Kabupaten Situbondo,laju_pertumbuhan_penduduk_per_tahun,0.46
129,519,2021,Kabupaten Situbondo,rasio_jenis_kelamin_penduduk,96.4
129,519,2021,Kabupaten Situbondo,jumlah_penduduk,688.3
129,519,2021,Kabupaten Situbondo,kepadatan_penduduk_per_km_persegi,412.0
130,519,2021,Kabupaten Probolinggo,rasio_jenis_kelamin_penduduk,97.4
130,519,2021,Kabupaten Probolinggo,jumlah_penduduk,1155.9
130,519,2021,Kabupaten Probolinggo,kepadatan_penduduk_per_km_persegi,681.0
130,519,2021,Kabupaten Probolinggo,persentase_penduduk,2.83
130,519,2021,Kabupaten Probolinggo,laju_pertumbuhan_penduduk_per_tahun,0.39
131,519,2021,Kabupaten Pasuruan,rasio_jenis_kelamin_penduduk,100.1
131,519,2021,Kabupaten Pasuruan,jumlah_penduduk,1611.8
131,519,2021,Kabupaten Pasuruan,laju_pertumbuhan_penduduk_per_tahun,0.48
131,519,2021,Kabupaten Pasuruan,persentase_penduduk,3.94
131,519,2021,Kabupaten Pasuruan,kepadatan_penduduk_per_km_persegi,1093.0
132,519,2021,Kabupaten Sidoarjo,rasio_jenis_kelamin_penduduk,101.4
132,519,2021,Kabupaten Sidoarjo,jumlah_penduduk,2091.9
132,519,2021,Kabupaten Sidoarjo,kepadatan_penduduk_per_km_persegi,3298.0
132,519,2021,Kabupaten Sidoarjo,persentase_penduduk,5.12
132,519,2021,Kabupaten Sidoarjo,laju_pertumbuhan_penduduk_per_tahun,0.58
133,519,2021,Kabupaten Mojokerto,jumlah_penduduk,1125.5
133,519,2021,Kabupaten Mojokerto,rasio_jenis_kelamin_penduduk,101.2
133,519,2021,Kabupaten Mojokerto,kepadatan_penduduk_per_km_persegi,1568.0
133,519,2021,Kabupaten Mojokerto,persentase_penduduk,2.75
133,519,2021,Kabupaten Mojokerto,laju_pertumbuhan_penduduk_per_tahun,0.75
134,519,2021,Kabupaten Jombang,laju_pertumbuhan_penduduk_per_tahun,0.8
134,519,2021,Kabupaten Jombang,rasio_jenis_kelamin_penduduk,101.7
134,519,2021,Kabupaten Jombang,persentase_penduduk,3.24
134,519,2021,Kabupaten Jombang,jumlah_penduduk,1325.9
134,519,2021,Kabupaten Jombang,kepadatan_penduduk_per_km_persegi,1189.0
135,519,2021,Kabupaten Nganjuk,kepadatan_penduduk_per_km_persegi,906.0
135,519,2021,Kabupaten Nganjuk,rasio_jenis_kelamin_penduduk,101.2
135,519,2021,Kabupaten Nganjuk,jumlah_penduduk,1109.7
135,519,2021,Kabupaten Nganjuk,laju_pertumbuhan_penduduk_per_tahun,0.7
135,519,2021,Kabupaten Nganjuk,persentase_penduduk,2.71
136,519,2021,Kabupaten Madiun,jumlah_penduduk,750.1
136,519,2021,Kabupaten Madiun,kepadatan_penduduk_per_km_persegi,723.0
136,519,2021,Kabupaten Madiun,persentase_penduduk,1.84
136,519,2021,Kabupaten Madiun,rasio_jenis_kelamin_penduduk,98.2
136,519,2021,Kabupaten Madiun,laju_pertumbuhan_penduduk_per_tahun,1.04
137,519,2021,Kabupaten Magetan,rasio_jenis_kelamin_penduduk,96.8
137,519,2021,Kabupaten Magetan,laju_pertumbuhan_penduduk_per_tahun,0.66
137,519,2021,Kabupaten Magetan,jumlah_penduduk,674.1
137,519,2021,Kabupaten Magetan,persentase_penduduk,1.65
137,519,2021,Kabupaten Magetan,kepadatan_penduduk_per_km_persegi,979.0
138,519,2021,Kabupaten Ngawi,kepadatan_penduduk_per_km_persegi,674.0
138,519,2021,Kabupaten Ngawi,rasio_jenis_kelamin_penduduk,98.6
138,519,2021,Kabupaten Ngawi,jumlah_penduduk,873.3
138,519,2021,Kabupaten Ngawi,laju_pertumbuhan_penduduk_per_tahun,0.5
138,519,2021,Kabupaten Ngawi,persentase_penduduk,2.14
139,519,2021,Kabupaten Bojonegoro,laju_pertumbuhan_penduduk_per_tahun,0.61
139,519,2021,Kabupaten Bojonegoro,kepadatan_penduduk_per_km_persegi,595.0
139,519,2021,Kabupaten Bojonegoro,rasio_jenis_kelamin_penduduk,100.8
139,519,2021,Kabupaten Bojonegoro,jumlah_penduduk,1307.6
139,519,2021,Kabupaten Bojonegoro,persentase_penduduk,3.2
140,519,2021,Kabupaten Tuban,persentase_penduduk,2.94
140,519,2021,Kabupaten Tuban,rasio_jenis_kelamin_penduduk,99.7
140,519,2021,Kabupaten Tuban,kepadatan_penduduk_per_km_persegi,656.0
140,519,2021,Kabupaten Tuban,laju_pertumbuhan_penduduk_per_tahun,0.57
140,519,2021,Kabupaten Tuban,jumlah_penduduk,1203.1
141,519,2021,Kabupaten Lamongan,laju_pertumbuhan_penduduk_per_tahun,1.18
141,519,2021,Kabupaten Lamongan,kepadatan_penduduk_per_km_persegi,761.0
141,519,2021,Kabupaten Lamongan,rasio_jenis_kelamin_penduduk,100.1
141,519,2021,Kabupaten Lamongan,jumlah_penduduk,1356.0
141,519,2021,Kabupaten Lamongan,persentase_penduduk,3.32
142,519,2021,Kabupaten Gresik,jumlah_penduduk,1320.6
142,519,2021,Kabupaten Gresik,kepadatan_penduduk_per_km_persegi,1109.0
142,519,2021,Kabupaten Gresik,persentase_penduduk,3.23
142,519,2021,Kabupaten Gresik,rasio_jenis_kelamin_penduduk,101.4
142,519,2021,Kabupaten Gresik,laju_pertumbuhan_penduduk_per_tahun,0.95
143,519,2021,Kabupaten Bangkalan,rasio_jenis_kelamin_penduduk,97.2
143,519,2021,Kabupaten Bangkalan,kepadatan_penduduk_per_km_persegi,1070.0
143,519,2021,Kabupaten Bangkalan,laju_pertumbuhan_penduduk_per_tahun,1.43
143,519,2021,Kabupaten Bangkalan,jumlah_penduduk,1071.7
143,519,2021,Kabupaten Bangkalan,persentase_penduduk,2.62
144,519,2021,Kabupaten Sampang,kepadatan_penduduk_per_km_persegi,792.0
144,519,2021,Kabupaten Sampang,jumlah_penduduk,976.0
144,519,2021,Kabupaten Sampang,rasio_jenis_kelamin_penduduk,98.7
144,519,2021,Kabupaten Sampang,persentase_penduduk,2.39
144,519,2021,Kabupaten Sampang,laju_pertumbuhan_penduduk_per_tahun,0.87
145,519,2021,Kabupaten Pamekasan,persentase_penduduk,2.09
145,519,2021,Kabupaten Pamekasan,jumlah_penduduk,853.5
145,519,2021,Kabupaten Pamekasan,laju_pertumbuhan_penduduk_per_tahun,0.54
145,519,2021,Kabupaten Pamekasan,kepadatan_penduduk_per_km_persegi,1077.0
145,519,2021,Kabupaten Pamekasan,rasio_jenis_kelamin_penduduk,96.2
146,519,2021,Kabupaten Sumenep,rasio_jenis_kelamin_penduduk,93.3
146,519,2021,Kabupaten Sumenep,jumlah_penduduk,1129.8
146,519,2021,Kabupaten Sumenep,laju_pertumbuhan_penduduk_per_tahun,0.64
146,519,2021,Kabupaten Sumenep,persentase_penduduk,2.76
146,519,2021,Kabupaten Sumenep,kepadatan_penduduk_per_km_persegi,565.0
147,519,2021,Kota Kediri,jumlah_penduduk,288.0
147,519,2021,Kota Kediri,kepadatan_penduduk_per_km_persegi,4542.0
147,519,2021,Kota Kediri,laju_pertumbuhan_penduduk_per_tahun,0.54
147,519,2021,Kota Kediri,rasio_jenis_kelamin_penduduk,100.3
147,519,2021,Kota Kediri,persentase_penduduk,0.7
148,519,2021,Kota Blitar,jumlah_penduduk,150.4
148,519,2021,Kota Blitar,laju_pertumbuhan_penduduk_per_tahun,1.09
148,519,2021,Kota Blitar,rasio_jenis_kelamin_penduduk,99.0
148,519,2021,Kota Blitar,kepadatan_penduduk_per_km_persegi,4617.0
148,519,2021,Kota Blitar,persentase_penduduk,0.37
149,519,2021,Kota Malang,kepadatan_penduduk_per_km_persegi,5816.0
149,519,2021,Kota Malang,laju_pertumbuhan_penduduk_per_tahun,0.18
149,519,2021,Kota Malang,persentase_penduduk,2.07
149,519,2021,Kota Malang,jumlah_penduduk,844.9
149,519,2021,Kota Malang,rasio_jenis_kelamin_penduduk,99.0
150,519,2021,Kota Probolinggo,jumlah_penduduk,241.2
150,519,2021,Kota Probolinggo,rasio_jenis_kelamin_penduduk,98.3
150,519,2021,Kota Probolinggo,kepadatan_penduduk_per_km_persegi,4256.0
150,519,2021,Kota Probolinggo,persentase_penduduk,0.59
150,519,2021,Kota Probolinggo,laju_pertumbuhan_penduduk_per_tahun,0.86
151,519,2021,Kota Pasuruan,rasio_jenis_kelamin_penduduk,100.0
151,519,2021,Kota Pasuruan,kepadatan_penduduk_per_km_persegi,5937.0
151,519,2021,Kota Pasuruan,laju_pertumbuhan_penduduk_per_tahun,0.98
151,519,2021,Kota Pasuruan,jumlah_penduduk,209.5
151,519,2021,Kota Pasuruan,persentase_penduduk,0.51
152,519,2021,Kota Mojokerto,laju_pertumbuhan_penduduk_per_tahun,0.84
152,519,2021,Kota Mojokerto,jumlah_penduduk,133.3
152,519,2021,Kota Mojokerto,rasio_jenis_kelamin_penduduk,98.4
152,519,2021,Kota Mojokerto,kepadatan_penduduk_per_km_persegi,6594.0
152,519,2021,Kota Mojokerto,persentase_penduduk,0.33
153,519,2021,Kota Madiun,kepadatan_penduduk_per_km_persegi,5805.0
153,519,2021,Kota Madiun,persentase_penduduk,0.48
153,519,2021,Kota Madiun,laju_pertumbuhan_penduduk_per_tahun,1.19
153,519,2021,Kota Madiun,rasio_jenis_kelamin_penduduk,95.7
153,519,2021,Kota Madiun,jumlah_penduduk,196.9
154,519,2021,Kota Surabaya,rasio_jenis_kelamin_penduduk,98.3
154,519,2021,Kota Surabaya,kepadatan_penduduk_per_km_persegi,8217.0
154,519,2021,Kota Surabaya,jumlah_penduduk,2880.3
154,519,2021,Kota Surabaya,persentase_penduduk,7.05
154,519,2021,Kota Surabaya,laju_pertumbuhan_penduduk_per_tahun,0.28
155,519,2021,Kota Batu,rasio_jenis_kelamin_penduduk,101.4
155,519,2021,Kota Batu,kepadatan_penduduk_per_km_persegi,1570.0
155,519,2021,Kota Batu,persentase_penduduk,0.53
155,519,2021,Kota Batu,laju_pertumbuhan_penduduk_per_tahun,1.01
155,519,2021,Kota Batu,jumlah_penduduk,214.7
156,519,2021,Jawa Timur,jumlah_penduduk,40878.8
156,519,2021,Jawa Timur,rasio_jenis_kelamin_penduduk,99.6
156,519,2021,Jawa Timur,persentase_penduduk,100.0
156,519,2021,Jawa Timur,kepadatan_penduduk_per_km_persegi,855.0
156,519,2021,Jawa Timur,laju_pertumbuhan_penduduk_per_tahun,0.7
157,519,2020,Kabupaten Pacitan,persentase_penduduk,1.44
157,519,2020,Kabupaten Pacitan,jumlah_penduduk,586.1
157,519,2020,Kabupaten Pacitan,laju_pertumbuhan_penduduk_per_tahun,0.78
157,519,2020,Kabupaten Pacitan,kepadatan_penduduk_per_km_persegi,422.0
157,519,2020,Kabupaten Pacitan,rasio_jenis_kelamin_penduduk,100.5
158,519,2020,Kabupaten Ponorogo,persentase_penduduk,2.33
158,519,2020,Kabupaten Ponorogo,kepadatan_penduduk_per_km_persegi,727.0
158,519,2020,Kabupaten Ponorogo,rasio_jenis_kelamin_penduduk,99.8
158,519,2020,Kabupaten Ponorogo,jumlah_penduduk,949.3
158,519,2020,Kabupaten Ponorogo,laju_pertumbuhan_penduduk_per_tahun,1.01
159,519,2020,Kabupaten Trenggalek,jumlah_penduduk,731.1
159,519,2020,Kabupaten Trenggalek,rasio_jenis_kelamin_penduduk,101.0
159,519,2020,Kabupaten Trenggalek,kepadatan_penduduk_per_km_persegi,637.0
159,519,2020,Kabupaten Trenggalek,laju_pertumbuhan_penduduk_per_tahun,0.78
159,519,2020,Kabupaten Trenggalek,persentase_penduduk,1.8
160,519,2020,Kabupaten Tulungagung,jumlah_penduduk,1089.8
160,519,2020,Kabupaten Tulungagung,persentase_penduduk,2.68
160,519,2020,Kabupaten Tulungagung,rasio_jenis_kelamin_penduduk,100.1
160,519,2020,Kabupaten Tulungagung,kepadatan_penduduk_per_km_persegi,1032.0
160,519,2020,Kabupaten Tulungagung,laju_pertumbuhan_penduduk_per_tahun,0.93
161,519,2020,Kabupaten Blitar,jumlah_penduduk,1223.7
161,519,2020,Kabupaten Blitar,laju_pertumbuhan_penduduk_per_tahun,0.89
161,519,2020,Kabupaten Blitar,persentase_penduduk,3.01
161,519,2020,Kabupaten Blitar,kepadatan_penduduk_per_km_persegi,916.0
161,519,2020,Kabupaten Blitar,rasio_jenis_kelamin_penduduk,101.5
162,519,2020,Kabupaten Kediri,persentase_penduduk,4.02
162,519,2020,Kabupaten Kediri,kepadatan_penduduk_per_km_persegi,1180.0
162,519,2020,Kabupaten Kediri,jumlah_penduduk,1635.3
162,519,2020,Kabupaten Kediri,rasio_jenis_kelamin_penduduk,102.0
162,519,2020,Kabupaten Kediri,laju_pertumbuhan_penduduk_per_tahun,0.84
163,519,2020,Kabupaten Malang,kepadatan_penduduk_per_km_persegi,752.0
163,519,2020,Kabupaten Malang,persentase_penduduk,6.53
163,519,2020,Kabupaten Malang,rasio_jenis_kelamin_penduduk,101.6
163,519,2020,Kabupaten Malang,jumlah_penduduk,2654.4
163,519,2020,Kabupaten Malang,laju_pertumbuhan_penduduk_per_tahun,0.79
164,519,2020,Kabupaten Lumajang,jumlah_penduduk,1119.3
164,519,2020,Kabupaten Lumajang,rasio_jenis_kelamin_penduduk,97.9
164,519,2020,Kabupaten Lumajang,kepadatan_penduduk_per_km_persegi,625.0
164,519,2020,Kabupaten Lumajang,persentase_penduduk,2.75
164,519,2020,Kabupaten Lumajang,laju_pertumbuhan_penduduk_per_tahun,1.03
165,519,2020,Kabupaten Jember,kepadatan_penduduk_per_km_persegi,820.0
165,519,2020,Kabupaten Jember,persentase_penduduk,6.24
165,519,2020,Kabupaten Jember,jumlah_penduduk,2536.7
165,519,2020,Kabupaten Jember,rasio_jenis_kelamin_penduduk,99.5
165,519,2020,Kabupaten Jember,laju_pertumbuhan_penduduk_per_tahun,0.81
166,519,2020,Kabupaten Banyuwangi,persentase_penduduk,4.2
166,519,2020,Kabupaten Banyuwangi,jumlah_penduduk,1708.1
166,519,2020,Kabupaten Banyuwangi,rasio_jenis_kelamin_penduduk,100.3
166,519,2020,Kabupaten Banyuwangi,laju_pertumbuhan_penduduk_per_tahun,0.91
166,519,2020,Kabupaten Banyuwangi,kepadatan_penduduk_per_km_persegi,295.0
167,519,2020,Kabupaten Bondowoso,laju_pertumbuhan_penduduk_per_tahun,0.51
167,519,2020,Kabupaten Bondowoso,persentase_penduduk,1.91
167,519,2020,Kabupaten Bondowoso,kepadatan_penduduk_per_km_persegi,509.0
167,519,2020,Kabupaten Bondowoso,rasio_jenis_kelamin_penduduk,97.0
167,519,2020,Kabupaten Bondowoso,jumlah_penduduk,776.2
168,519,2020,Kabupaten Situbondo,laju_pertumbuhan_penduduk_per_tahun,0.56
168,519,2020,Kabupaten Situbondo,persentase_penduduk,1.69
168,519,2020,Kabupaten Situbondo,jumlah_penduduk,686.0
168,519,2020,Kabupaten Situbondo,kepadatan_penduduk_per_km_persegi,411.0
168,519,2020,Kabupaten Situbondo,rasio_jenis_kelamin_penduduk,96.4
169,519,2020,Kabupaten Probolinggo,laju_pertumbuhan_penduduk_per_tahun,0.49
169,519,2020,Kabupaten Probolinggo,rasio_jenis_kelamin_penduduk,97.4
169,519,2020,Kabupaten Probolinggo,persentase_penduduk,2.83
169,519,2020,Kabupaten Probolinggo,jumlah_penduduk,1152.5
169,519,2020,Kabupaten Probolinggo,kepadatan_penduduk_per_km_persegi,679.0
170,519,2020,Kabupaten Pasuruan,kepadatan_penduduk_per_km_persegi,1090.0
170,519,2020,Kabupaten Pasuruan,laju_pertumbuhan_penduduk_per_tahun,0.58
170,519,2020,Kabupaten Pasuruan,jumlah_penduduk,1606.0
170,519,2020,Kabupaten Pasuruan,persentase_penduduk,3.95
170,519,2020,Kabupaten Pasuruan,rasio_jenis_kelamin_penduduk,100.2
171,519,2020,Kabupaten Sidoarjo,rasio_jenis_kelamin_penduduk,101.4
171,519,2020,Kabupaten Sidoarjo,persentase_penduduk,5.12
171,519,2020,Kabupaten Sidoarjo,kepadatan_penduduk_per_km_persegi,3283.0
171,519,2020,Kabupaten Sidoarjo,laju_pertumbuhan_penduduk_per_tahun,0.68
171,519,2020,Kabupaten Sidoarjo,jumlah_penduduk,2082.8
172,519,2020,Kabupaten Mojokerto,persentase_penduduk,2.75
172,519,2020,Kabupaten Mojokerto,kepadatan_penduduk_per_km_persegi,1559.0
172,519,2020,Kabupaten Mojokerto,rasio_jenis_kelamin_penduduk,101.2
172,519,2020,Kabupaten Mojokerto,laju_pertumbuhan_penduduk_per_tahun,0.85
172,519,2020,Kabupaten Mojokerto,jumlah_penduduk,1119.2
173,519,2020,Kabupaten Jombang,laju_pertumbuhan_penduduk_per_tahun,0.89
173,519,2020,Kabupaten Jombang,kepadatan_penduduk_per_km_persegi,1182.0
173,519,2020,Kabupaten Jombang,rasio_jenis_kelamin_penduduk,101.7
173,519,2020,Kabupaten Jombang,persentase_penduduk,3.24
173,519,2020,Kabupaten Jombang,jumlah_penduduk,1318.1
174,519,2020,Kabupaten Nganjuk,kepadatan_penduduk_per_km_persegi,902.0
174,519,2020,Kabupaten Nganjuk,rasio_jenis_kelamin_penduduk,101.2
174,519,2020,Kabupaten Nganjuk,jumlah_penduduk,1103.9
174,519,2020,Kabupaten Nganjuk,persentase_penduduk,2.71
174,519,2020,Kabupaten Nganjuk,laju_pertumbuhan_penduduk_per_tahun,0.8
175,519,2020,Kabupaten Madiun,persentase_penduduk,1.83
175,519,2020,Kabupaten Madiun,jumlah_penduduk,744.4
175,519,2020,Kabupaten Madiun,kepadatan_penduduk_per_km_persegi,717.0
175,519,2020,Kabupaten Madiun,rasio_jenis_kelamin_penduduk,98.3
175,519,2020,Kabupaten Madiun,laju_pertumbuhan_penduduk_per_tahun,1.14
176,519,2020,Kabupaten Magetan,persentase_penduduk,1.65
176,519,2020,Kabupaten Magetan,kepadatan_penduduk_per_km_persegi,974.0
176,519,2020,Kabupaten Magetan,jumlah_penduduk,670.8
176,519,2020,Kabupaten Magetan,laju_pertumbuhan_penduduk_per_tahun,0.76
176,519,2020,Kabupaten Magetan,rasio_jenis_kelamin_penduduk,96.8
177,519,2020,Kabupaten Ngawi,rasio_jenis_kelamin_penduduk,98.6
177,519,2020,Kabupaten Ngawi,kepadatan_penduduk_per_km_persegi,671.0
177,519,2020,Kabupaten Ngawi,jumlah_penduduk,870.1
177,519,2020,Kabupaten Ngawi,persentase_penduduk,2.14
177,519,2020,Kabupaten Ngawi,laju_pertumbuhan_penduduk_per_tahun,0.6
178,519,2020,Kabupaten Bojonegoro,kepadatan_penduduk_per_km_persegi,592.0
178,519,2020,Kabupaten Bojonegoro,jumlah_penduduk,1301.6
178,519,2020,Kabupaten Bojonegoro,laju_pertumbuhan_penduduk_per_tahun,0.71
178,519,2020,Kabupaten Bojonegoro,persentase_penduduk,3.2
178,519,2020,Kabupaten Bojonegoro,rasio_jenis_kelamin_penduduk,100.9
179,519,2020,Kabupaten Tuban,persentase_penduduk,2.95
179,519,2020,Kabupaten Tuban,kepadatan_penduduk_per_km_persegi,653.0
179,519,2020,Kabupaten Tuban,jumlah_penduduk,1198.0
179,519,2020,Kabupaten Tuban,laju_pertumbuhan_penduduk_per_tahun,0.67
179,519,2020,Kabupaten Tuban,rasio_jenis_kelamin_penduduk,99.8
180,519,2020,Kabupaten Lamongan,rasio_jenis_kelamin_penduduk,100.2
180,519,2020,Kabupaten Lamongan,jumlah_penduduk,1344.2
180,519,2020,Kabupaten Lamongan,persentase_penduduk,3.31
180,519,2020,Kabupaten Lamongan,kepadatan_penduduk_per_km_persegi,754.0
180,519,2020,Kabupaten Lamongan,laju_pertumbuhan_penduduk_per_tahun,1.28
181,519,2020,Kabupaten Gresik,laju_pertumbuhan_penduduk_per_tahun,1.05
181,519,2020,Kabupaten Gresik,rasio_jenis_kelamin_penduduk,101.4
181,519,2020,Kabupaten Gresik,persentase_penduduk,3.22
181,519,2020,Kabupaten Gresik,jumlah_penduduk,1311.2
181,519,2020,Kabupaten Gresik,kepadatan_penduduk_per_km_persegi,1101.0
182,519,2020,Kabupaten Bangkalan,laju_pertumbuhan_penduduk_per_tahun,1.53
182,519,2020,Kabupaten Bangkalan,jumlah_penduduk,1060.4
182,519,2020,Kabupaten Bangkalan,rasio_jenis_kelamin_penduduk,97.2
182,519,2020,Kabupaten Bangkalan,persentase_penduduk,2.61
182,519,2020,Kabupaten Bangkalan,kepadatan_penduduk_per_km_persegi,1059.0
183,519,2020,Kabupaten Sampang,laju_pertumbuhan_penduduk_per_tahun,0.97
183,519,2020,Kabupaten Sampang,kepadatan_penduduk_per_km_persegi,786.0
183,519,2020,Kabupaten Sampang,rasio_jenis_kelamin_penduduk,98.7
183,519,2020,Kabupaten Sampang,persentase_penduduk,2.38
183,519,2020,Kabupaten Sampang,jumlah_penduduk,969.7
184,519,2020,Kabupaten Pamekasan,kepadatan_penduduk_per_km_persegi,1073.0
184,519,2020,Kabupaten Pamekasan,persentase_penduduk,2.09
184,519,2020,Kabupaten Pamekasan,rasio_jenis_kelamin_penduduk,96.3
184,519,2020,Kabupaten Pamekasan,laju_pertumbuhan_penduduk_per_tahun,0.64
184,519,2020,Kabupaten Pamekasan,jumlah_penduduk,850.1
185,519,2020,Kabupaten Sumenep,rasio_jenis_kelamin_penduduk,93.3
185,519,2020,Kabupaten Sumenep,laju_pertumbuhan_penduduk_per_tahun,0.74
185,519,2020,Kabupaten Sumenep,kepadatan_penduduk_per_km_persegi,563.0
185,519,2020,Kabupaten Sumenep,persentase_penduduk,2.77
185,519,2020,Kabupaten Sumenep,jumlah_penduduk,1124.4
186,519,2020,Kota Kediri,laju_pertumbuhan_penduduk_per_tahun,0.64
186,519,2020,Kota Kediri,jumlah_penduduk,286.8
186,519,2020,Kota Kediri,rasio_jenis_kelamin_penduduk,100.3
186,519,2020,Kota Kediri,kepadatan_penduduk_per_km_persegi,4524.0
186,519,2020,Kota Kediri,persentase_penduduk,0.71
187,519,2020,Kota Blitar,laju_pertumbuhan_penduduk_per_tahun,1.19
187,519,2020,Kota Blitar,jumlah_penduduk,149.1
187,519,2020,Kota Blitar,rasio_jenis_kelamin_penduduk,99.0
187,519,2020,Kota Blitar,persentase_penduduk,0.37
187,519,2020,Kota Blitar,kepadatan_penduduk_per_km_persegi,4579.0
188,519,2020,Kota Malang,laju_pertumbuhan_penduduk_per_tahun,0.27
188,519,2020,Kota Malang,kepadatan_penduduk_per_km_persegi,5808.0
188,519,2020,Kota Malang,rasio_jenis_kelamin_penduduk,99.1
188,519,2020,Kota Malang,persentase_penduduk,2.07
188,519,2020,Kota Malang,jumlah_penduduk,843.8
189,519,2020,Kota Probolinggo,kepadatan_penduduk_per_km_persegi,4229.0
189,519,2020,Kota Probolinggo,jumlah_penduduk,239.6
189,519,2020,Kota Probolinggo,rasio_jenis_kelamin_penduduk,98.4
189,519,2020,Kota Probolinggo,laju_pertumbuhan_penduduk_per_tahun,0.96
189,519,2020,Kota Probolinggo,persentase_penduduk,0.59
190,519,2020,Kota Pasuruan,laju_pertumbuhan_penduduk_per_tahun,1.07
190,519,2020,Kota Pasuruan,rasio_jenis_kelamin_penduduk,100.1
190,519,2020,Kota Pasuruan,persentase_penduduk,0.51
190,519,2020,Kota Pasuruan,jumlah_penduduk,208.0
190,519,2020,Kota Pasuruan,kepadatan_penduduk_per_km_persegi,5894.0
191,519,2020,Kota Mojokerto,laju_pertumbuhan_penduduk_per_tahun,0.94
191,519,2020,Kota Mojokerto,kepadatan_penduduk_per_km_persegi,6553.0
191,519,2020,Kota Mojokerto,jumlah_penduduk,132.4
191,519,2020,Kota Mojokerto,rasio_jenis_kelamin_penduduk,98.4
191,519,2020,Kota Mojokerto,persentase_penduduk,0.33
192,519,2020,Kota Madiun,persentase_penduduk,0.48
192,519,2020,Kota Madiun,rasio_jenis_kelamin_penduduk,95.7
192,519,2020,Kota Madiun,laju_pertumbuhan_penduduk_per_tahun,1.29
192,519,2020,Kota Madiun,kepadatan_penduduk_per_km_persegi,5754.0
192,519,2020,Kota Madiun,jumlah_penduduk,195.2
193,519,2020,Kota Surabaya,laju_pertumbuhan_penduduk_per_tahun,0.37
193,519,2020,Kota Surabaya,persentase_penduduk,7.07
193,519,2020,Kota Surabaya,jumlah_penduduk,2874.3
193,519,2020,Kota Surabaya,kepadatan_penduduk_per_km_persegi,8200.0
193,519,2020,Kota Surabaya,rasio_jenis_kelamin_penduduk,98.3
194,519,2020,Kota Batu,kepadatan_penduduk_per_km_persegi,1558.0
194,519,2020,Kota Batu,rasio_jenis_kelamin_penduduk,101.5
194,519,2020,Kota Batu,laju_pertumbuhan_penduduk_per_tahun,1.1
194,519,2020,Kota Batu,persentase_penduduk,0.52
194,519,2020,Kota Batu,jumlah_penduduk,213.0
195,519,2020,Jawa Timur,rasio_jenis_kelamin_penduduk,99.6
195,519,2020,Jawa Timur,laju_pertumbuhan_penduduk_per_tahun,0.79
195,519,2020,Jawa Timur,jumlah_penduduk,40665.7
195,519,2020,Jawa Timur,kepadatan_penduduk_per_km_persegi,851.0
195,519,2020,Jawa Timur,persentase_penduduk,100.0
196,519,2019,Kabupaten Pacitan,jumlah_penduduk,555.0
196,519,2019,Kabupaten Pacitan,persentase_penduduk,1.4
196,519,2019,Kabupaten Pacitan,rasio_jenis_kelamin_penduduk,95.4
196,519,2019,Kabupaten Pacitan,laju_pertumbuhan_penduduk_per_tahun,0.29
196,519,2019,Kabupaten Pacitan,kepadatan_penduduk_per_km_persegi,400.0
197,519,2019,Kabupaten Ponorogo,laju_pertumbuhan_penduduk_per_tahun,0.21
197,519,2019,Kabupaten Ponorogo,persentase_penduduk,2.19
197,519,2019,Kabupaten Ponorogo,kepadatan_penduduk_per_km_persegi,667.0
197,519,2019,Kabupaten Ponorogo,jumlah_penduduk,871.0
197,519,2019,Kabupaten Ponorogo,rasio_jenis_kelamin_penduduk,100.0
198,519,2019,Kabupaten Trenggalek,rasio_jenis_kelamin_penduduk,98.8
198,519,2019,Kabupaten Trenggalek,jumlah_penduduk,696.0
198,519,2019,Kabupaten Trenggalek,kepadatan_penduduk_per_km_persegi,607.0
198,519,2019,Kabupaten Trenggalek,laju_pertumbuhan_penduduk_per_tahun,0.35
198,519,2019,Kabupaten Trenggalek,persentase_penduduk,1.75
199,519,2019,Kabupaten Tulungagung,persentase_penduduk,2.62
199,519,2019,Kabupaten Tulungagung,jumlah_penduduk,1039.0
199,519,2019,Kabupaten Tulungagung,rasio_jenis_kelamin_penduduk,95.1
199,519,2019,Kabupaten Tulungagung,kepadatan_penduduk_per_km_persegi,984.0
199,519,2019,Kabupaten Tulungagung,laju_pertumbuhan_penduduk_per_tahun,0.53
200,519,2019,Kabupaten Blitar,jumlah_penduduk,1161.0
200,519,2019,Kabupaten Blitar,rasio_jenis_kelamin_penduduk,100.4
200,519,2019,Kabupaten Blitar,persentase_penduduk,2.92
200,519,2019,Kabupaten Blitar,laju_pertumbuhan_penduduk_per_tahun,0.43
200,519,2019,Kabupaten Blitar,kepadatan_penduduk_per_km_persegi,868.0
201,519,2019,Kabupaten Kediri,persentase_penduduk,3.97
201,519,2019,Kabupaten Kediri,laju_pertumbuhan_penduduk_per_tahun,0.54
201,519,2019,Kabupaten Kediri,kepadatan_penduduk_per_km_persegi,1136.0
201,519,2019,Kabupaten Kediri,rasio_jenis_kelamin_penduduk,100.8
201,519,2019,Kabupaten Kediri,jumlah_penduduk,1574.0
202,519,2019,Kabupaten Malang,laju_pertumbuhan_penduduk_per_tahun,0.7
202,519,2019,Kabupaten Malang,rasio_jenis_kelamin_penduduk,101.1
202,519,2019,Kabupaten Malang,jumlah_penduduk,2606.0
202,519,2019,Kabupaten Malang,kepadatan_penduduk_per_km_persegi,738.0
202,519,2019,Kabupaten Malang,persentase_penduduk,6.56
203,519,2019,Kabupaten Lumajang,laju_pertumbuhan_penduduk_per_tahun,0.39
203,519,2019,Kabupaten Lumajang,rasio_jenis_kelamin_penduduk,95.4
203,519,2019,Kabupaten Lumajang,persentase_penduduk,2.63
203,519,2019,Kabupaten Lumajang,jumlah_penduduk,1042.0
203,519,2019,Kabupaten Lumajang,kepadatan_penduduk_per_km_persegi,582.0
204,519,2019,Kabupaten Jember,jumlah_penduduk,2451.0
204,519,2019,Kabupaten Jember,laju_pertumbuhan_penduduk_per_tahun,0.54
204,519,2019,Kabupaten Jember,kepadatan_penduduk_per_km_persegi,792.0
204,519,2019,Kabupaten Jember,persentase_penduduk,6.17
204,519,2019,Kabupaten Jember,rasio_jenis_kelamin_penduduk,96.7
205,519,2019,Kabupaten Banyuwangi,kepadatan_penduduk_per_km_persegi,279.0
205,519,2019,Kabupaten Banyuwangi,persentase_penduduk,4.07
205,519,2019,Kabupaten Banyuwangi,laju_pertumbuhan_penduduk_per_tahun,0.4
205,519,2019,Kabupaten Banyuwangi,rasio_jenis_kelamin_penduduk,99.1
205,519,2019,Kabupaten Banyuwangi,jumlah_penduduk,1614.0
206,519,2019,Kabupaten Bondowoso,persentase_penduduk,1.95
206,519,2019,Kabupaten Bondowoso,rasio_jenis_kelamin_penduduk,94.9
206,519,2019,Kabupaten Bondowoso,jumlah_penduduk,776.0
206,519,2019,Kabupaten Bondowoso,laju_pertumbuhan_penduduk_per_tahun,0.57
206,519,2019,Kabupaten Bondowoso,kepadatan_penduduk_per_km_persegi,508.0
207,519,2019,Kabupaten Situbondo,jumlah_penduduk,683.0
207,519,2019,Kabupaten Situbondo,kepadatan_penduduk_per_km_persegi,409.0
207,519,2019,Kabupaten Situbondo,laju_pertumbuhan_penduduk_per_tahun,0.59
207,519,2019,Kabupaten Situbondo,rasio_jenis_kelamin_penduduk,95.3
207,519,2019,Kabupaten Situbondo,persentase_penduduk,1.72
208,519,2019,Kabupaten Probolinggo,jumlah_penduduk,1169.0
208,519,2019,Kabupaten Probolinggo,rasio_jenis_kelamin_penduduk,95.3
208,519,2019,Kabupaten Probolinggo,laju_pertumbuhan_penduduk_per_tahun,0.71
208,519,2019,Kabupaten Probolinggo,persentase_penduduk,2.94
208,519,2019,Kabupaten Probolinggo,kepadatan_penduduk_per_km_persegi,689.0
209,519,2019,Kabupaten Pasuruan,rasio_jenis_kelamin_penduduk,98.2
209,519,2019,Kabupaten Pasuruan,persentase_penduduk,4.1
209,519,2019,Kabupaten Pasuruan,laju_pertumbuhan_penduduk_per_tahun,0.81
209,519,2019,Kabupaten Pasuruan,kepadatan_penduduk_per_km_persegi,1104.0
209,519,2019,Kabupaten Pasuruan,jumlah_penduduk,1627.0
210,519,2019,Kabupaten Sidoarjo,jumlah_penduduk,2249.0
210,519,2019,Kabupaten Sidoarjo,kepadatan_penduduk_per_km_persegi,3546.0
210,519,2019,Kabupaten Sidoarjo,rasio_jenis_kelamin_penduduk,101.0
210,519,2019,Kabupaten Sidoarjo,laju_pertumbuhan_penduduk_per_tahun,1.63
210,519,2019,Kabupaten Sidoarjo,persentase_penduduk,5.67
211,519,2019,Kabupaten Mojokerto,kepadatan_penduduk_per_km_persegi,1557.0
211,519,2019,Kabupaten Mojokerto,laju_pertumbuhan_penduduk_per_tahun,0.95
211,519,2019,Kabupaten Mojokerto,rasio_jenis_kelamin_penduduk,99.8
211,519,2019,Kabupaten Mojokerto,jumlah_penduduk,1118.0
211,519,2019,Kabupaten Mojokerto,persentase_penduduk,2.82
212,519,2019,Kabupaten Jombang,kepadatan_penduduk_per_km_persegi,1133.0
212,519,2019,Kabupaten Jombang,rasio_jenis_kelamin_penduduk,99.0
212,519,2019,Kabupaten Jombang,persentase_penduduk,3.18
212,519,2019,Kabupaten Jombang,laju_pertumbuhan_penduduk_per_tahun,0.55
212,519,2019,Kabupaten Jombang,jumlah_penduduk,1264.0
213,519,2019,Kabupaten Nganjuk,persentase_penduduk,2.66
213,519,2019,Kabupaten Nganjuk,rasio_jenis_kelamin_penduduk,98.9
213,519,2019,Kabupaten Nganjuk,kepadatan_penduduk_per_km_persegi,861.0
213,519,2019,Kabupaten Nganjuk,jumlah_penduduk,1055.0
213,519,2019,Kabupaten Nganjuk,laju_pertumbuhan_penduduk_per_tahun,0.4
214,519,2019,Kabupaten Madiun,persentase_penduduk,1.72
214,519,2019,Kabupaten Madiun,kepadatan_penduduk_per_km_persegi,658.0
214,519,2019,Kabupaten Madiun,laju_pertumbuhan_penduduk_per_tahun,0.33
214,519,2019,Kabupaten Madiun,rasio_jenis_kelamin_penduduk,97.5
214,519,2019,Kabupaten Madiun,jumlah_penduduk,683.0
215,519,2019,Kabupaten Magetan,persentase_penduduk,1.58
215,519,2019,Kabupaten Magetan,laju_pertumbuhan_penduduk_per_tahun,0.15
215,519,2019,Kabupaten Magetan,kepadatan_penduduk_per_km_persegi,913.0
215,519,2019,Kabupaten Magetan,jumlah_penduduk,629.0
215,519,2019,Kabupaten Magetan,rasio_jenis_kelamin_penduduk,95.0
216,519,2019,Kabupaten Ngawi,laju_pertumbuhan_penduduk_per_tahun,0.17
216,519,2019,Kabupaten Ngawi,kepadatan_penduduk_per_km_persegi,641.0
216,519,2019,Kabupaten Ngawi,rasio_jenis_kelamin_penduduk,95.6
216,519,2019,Kabupaten Ngawi,jumlah_penduduk,830.0
216,519,2019,Kabupaten Ngawi,persentase_penduduk,2.09
217,519,2019,Kabupaten Bojonegoro,persentase_penduduk,3.15
217,519,2019,Kabupaten Bojonegoro,laju_pertumbuhan_penduduk_per_tahun,0.36
217,519,2019,Kabupaten Bojonegoro,rasio_jenis_kelamin_penduduk,97.8
217,519,2019,Kabupaten Bojonegoro,jumlah_penduduk,1250.0
217,519,2019,Kabupaten Bojonegoro,kepadatan_penduduk_per_km_persegi,568.0
218,519,2019,Kabupaten Tuban,kepadatan_penduduk_per_km_persegi,639.0
218,519,2019,Kabupaten Tuban,laju_pertumbuhan_penduduk_per_tahun,0.52
218,519,2019,Kabupaten Tuban,rasio_jenis_kelamin_penduduk,97.6
218,519,2019,Kabupaten Tuban,persentase_penduduk,2.95
218,519,2019,Kabupaten Tuban,jumlah_penduduk,1173.0
219,519,2019,Kabupaten Lamongan,jumlah_penduduk,1189.0
219,519,2019,Kabupaten Lamongan,laju_pertumbuhan_penduduk_per_tahun,0.09
219,519,2019,Kabupaten Lamongan,rasio_jenis_kelamin_penduduk,94.5
219,519,2019,Kabupaten Lamongan,persentase_penduduk,3.0
219,519,2019,Kabupaten Lamongan,kepadatan_penduduk_per_km_persegi,667.0
220,519,2019,Kabupaten Gresik,jumlah_penduduk,1313.0
220,519,2019,Kabupaten Gresik,laju_pertumbuhan_penduduk_per_tahun,1.21
220,519,2019,Kabupaten Gresik,kepadatan_penduduk_per_km_persegi,1102.0
220,519,2019,Kabupaten Gresik,persentase_penduduk,3.31
220,519,2019,Kabupaten Gresik,rasio_jenis_kelamin_penduduk,98.4
221,519,2019,Kabupaten Bangkalan,laju_pertumbuhan_penduduk_per_tahun,0.93
221,519,2019,Kabupaten Bangkalan,persentase_penduduk,2.49
221,519,2019,Kabupaten Bangkalan,jumlah_penduduk,987.0
221,519,2019,Kabupaten Bangkalan,rasio_jenis_kelamin_penduduk,91.4
221,519,2019,Kabupaten Bangkalan,kepadatan_penduduk_per_km_persegi,985.0
222,519,2019,Kabupaten Sampang,persentase_penduduk,2.47
222,519,2019,Kabupaten Sampang,kepadatan_penduduk_per_km_persegi,794.0
222,519,2019,Kabupaten Sampang,jumlah_penduduk,979.0
222,519,2019,Kabupaten Sampang,rasio_jenis_kelamin_penduduk,95.1
222,519,2019,Kabupaten Sampang,laju_pertumbuhan_penduduk_per_tahun,1.21
223,519,2019,Kabupaten Pamekasan,rasio_jenis_kelamin_penduduk,94.6
223,519,2019,Kabupaten Pamekasan,persentase_penduduk,2.22
223,519,2019,Kabupaten Pamekasan,jumlah_penduduk,880.0
223,519,2019,Kabupaten Pamekasan,kepadatan_penduduk_per_km_persegi,1111.0
223,519,2019,Kabupaten Pamekasan,laju_pertumbuhan_penduduk_per_tahun,1.11
224,519,2019,Kabupaten Sumenep,kepadatan_penduduk_per_km_persegi,545.0
224,519,2019,Kabupaten Sumenep,persentase_penduduk,2.74
224,519,2019,Kabupaten Sumenep,rasio_jenis_kelamin_penduduk,90.7
224,519,2019,Kabupaten Sumenep,laju_pertumbuhan_penduduk_per_tahun,0.48
224,519,2019,Kabupaten Sumenep,jumlah_penduduk,1089.0
225,519,2019,Kota Kediri,laju_pertumbuhan_penduduk_per_tahun,0.75
225,519,2019,Kota Kediri,jumlah_penduduk,287.0
225,519,2019,Kota Kediri,rasio_jenis_kelamin_penduduk,99.5
225,519,2019,Kota Kediri,kepadatan_penduduk_per_km_persegi,4533.0
225,519,2019,Kota Kediri,persentase_penduduk,0.72
226,519,2019,Kota Blitar,jumlah_penduduk,142.0
226,519,2019,Kota Blitar,laju_pertumbuhan_penduduk_per_tahun,0.8
226,519,2019,Kota Blitar,persentase_penduduk,0.36
226,519,2019,Kota Blitar,rasio_jenis_kelamin_penduduk,98.4
226,519,2019,Kota Blitar,kepadatan_penduduk_per_km_persegi,4356.0
227,519,2019,Kota Malang,laju_pertumbuhan_penduduk_per_tahun,0.66
227,519,2019,Kota Malang,kepadatan_penduduk_per_km_persegi,5993.0
227,519,2019,Kota Malang,jumlah_penduduk,871.0
227,519,2019,Kota Malang,rasio_jenis_kelamin_penduduk,97.3
227,519,2019,Kota Malang,persentase_penduduk,2.19
228,519,2019,Kota Probolinggo,rasio_jenis_kelamin_penduduk,97.0
228,519,2019,Kota Probolinggo,jumlah_penduduk,237.0
228,519,2019,Kota Probolinggo,kepadatan_penduduk_per_km_persegi,4186.0
228,519,2019,Kota Probolinggo,persentase_penduduk,0.6
228,519,2019,Kota Probolinggo,laju_pertumbuhan_penduduk_per_tahun,0.98
229,519,2019,Kota Pasuruan,rasio_jenis_kelamin_penduduk,98.4
229,519,2019,Kota Pasuruan,jumlah_penduduk,200.0
229,519,2019,Kota Pasuruan,kepadatan_penduduk_per_km_persegi,5679.0
229,519,2019,Kota Pasuruan,persentase_penduduk,0.5
229,519,2019,Kota Pasuruan,laju_pertumbuhan_penduduk_per_tahun,0.81
230,519,2019,Kota Mojokerto,jumlah_penduduk,129.0
230,519,2019,Kota Mojokerto,kepadatan_penduduk_per_km_persegi,7833.0
230,519,2019,Kota Mojokerto,rasio_jenis_kelamin_penduduk,96.9
230,519,2019,Kota Mojokerto,laju_pertumbuhan_penduduk_per_tahun,0.78
230,519,2019,Kota Mojokerto,persentase_penduduk,0.32
231,519,2019,Kota Madiun,laju_pertumbuhan_penduduk_per_tahun,0.38
231,519,2019,Kota Madiun,persentase_penduduk,0.45
231,519,2019,Kota Madiun,rasio_jenis_kelamin_penduduk,93.7
231,519,2019,Kota Madiun,kepadatan_penduduk_per_km_persegi,5218.0
231,519,2019,Kota Madiun,jumlah_penduduk,177.0
232,519,2019,Kota Surabaya,persentase_penduduk,7.3
232,519,2019,Kota Surabaya,rasio_jenis_kelamin_penduduk,97.7
232,519,2019,Kota Surabaya,laju_pertumbuhan_penduduk_per_tahun,0.51
232,519,2019,Kota Surabaya,kepadatan_penduduk_per_km_persegi,8262.0
232,519,2019,Kota Surabaya,jumlah_penduduk,2896.0
233,519,2019,Kota Batu,rasio_jenis_kelamin_penduduk,101.3
233,519,2019,Kota Batu,laju_pertumbuhan_penduduk_per_tahun,0.96
233,519,2019,Kota Batu,persentase_penduduk,0.52
233,519,2019,Kota Batu,kepadatan_penduduk_per_km_persegi,1517.0
233,519,2019,Kota Batu,jumlah_penduduk,207.0
234,519,2019,Jawa Timur,kepadatan_penduduk_per_km_persegi,831.0
234,519,2019,Jawa Timur,jumlah_penduduk,39699.0
234,519,2019,Jawa Timur,rasio_jenis_kelamin_penduduk,97.5
234,519,2019,Jawa Timur,persentase_penduduk,100.0
234,519,2019,Jawa Timur,laju_pertumbuhan_penduduk_per_tahun,0.64
235,519,2018,Kabupaten Pacitan,laju_pertumbuhan_penduduk_per_tahun,0.31
235,519,2018,Kabupaten Pacitan,kepadatan_penduduk_per_km_persegi,399.0
235,519,2018,Kabupaten Pacitan,rasio_jenis_kelamin_penduduk,95.4
235,519,2018,Kabupaten Pacitan,persentase_penduduk,1.06
235,519,2018,Kabupaten Pacitan,jumlah_penduduk,554.0
236,519,2018,Kabupaten Ponorogo,persentase_penduduk,1.78
236,519,2018,Kabupaten Ponorogo,laju_pertumbuhan_penduduk_per_tahun,0.22
236,519,2018,Kabupaten Ponorogo,jumlah_penduduk,871.0
236,519,2018,Kabupaten Ponorogo,kepadatan_penduduk_per_km_persegi,667.0
236,519,2018,Kabupaten Ponorogo,rasio_jenis_kelamin_penduduk,99.9
237,519,2018,Kabupaten Trenggalek,kepadatan_penduduk_per_km_persegi,606.0
237,519,2018,Kabupaten Trenggalek,persentase_penduduk,1.62
237,519,2018,Kabupaten Trenggalek,laju_pertumbuhan_penduduk_per_tahun,0.37
237,519,2018,Kabupaten Trenggalek,jumlah_penduduk,695.0
237,519,2018,Kabupaten Trenggalek,rasio_jenis_kelamin_penduduk,98.8
238,519,2018,Kabupaten Tulungagung,jumlah_penduduk,1035.0
238,519,2018,Kabupaten Tulungagung,laju_pertumbuhan_penduduk_per_tahun,0.55
238,519,2018,Kabupaten Tulungagung,kepadatan_penduduk_per_km_persegi,980.0
238,519,2018,Kabupaten Tulungagung,persentase_penduduk,2.62
238,519,2018,Kabupaten Tulungagung,rasio_jenis_kelamin_penduduk,95.2
239,519,2018,Kabupaten Blitar,laju_pertumbuhan_penduduk_per_tahun,0.45
239,519,2018,Kabupaten Blitar,kepadatan_penduduk_per_km_persegi,866.0
239,519,2018,Kabupaten Blitar,persentase_penduduk,2.31
239,519,2018,Kabupaten Blitar,rasio_jenis_kelamin_penduduk,100.4
239,519,2018,Kabupaten Blitar,jumlah_penduduk,1158.0
240,519,2018,Kabupaten Kediri,laju_pertumbuhan_penduduk_per_tahun,0.55
240,519,2018,Kabupaten Kediri,jumlah_penduduk,1568.0
240,519,2018,Kabupaten Kediri,persentase_penduduk,3.02
240,519,2018,Kabupaten Kediri,rasio_jenis_kelamin_penduduk,100.8
240,519,2018,Kabupaten Kediri,kepadatan_penduduk_per_km_persegi,1131.0
241,519,2018,Kabupaten Malang,kepadatan_penduduk_per_km_persegi,734.0
241,519,2018,Kabupaten Malang,rasio_jenis_kelamin_penduduk,101.1
241,519,2018,Kabupaten Malang,persentase_penduduk,1.96
241,519,2018,Kabupaten Malang,jumlah_penduduk,2592.0
241,519,2018,Kabupaten Malang,laju_pertumbuhan_penduduk_per_tahun,0.72
242,519,2018,Kabupaten Lumajang,kepadatan_penduduk_per_km_persegi,581.0
242,519,2018,Kabupaten Lumajang,laju_pertumbuhan_penduduk_per_tahun,0.4
242,519,2018,Kabupaten Lumajang,jumlah_penduduk,1040.0
242,519,2018,Kabupaten Lumajang,rasio_jenis_kelamin_penduduk,95.5
242,519,2018,Kabupaten Lumajang,persentase_penduduk,1.55
243,519,2018,Kabupaten Jember,rasio_jenis_kelamin_penduduk,96.7
243,519,2018,Kabupaten Jember,laju_pertumbuhan_penduduk_per_tahun,0.56
243,519,2018,Kabupaten Jember,kepadatan_penduduk_per_km_persegi,789.0
243,519,2018,Kabupaten Jember,persentase_penduduk,2.11
243,519,2018,Kabupaten Jember,jumlah_penduduk,2441.0
244,519,2018,Kabupaten Banyuwangi,jumlah_penduduk,1610.0
244,519,2018,Kabupaten Banyuwangi,laju_pertumbuhan_penduduk_per_tahun,0.42
244,519,2018,Kabupaten Banyuwangi,kepadatan_penduduk_per_km_persegi,278.0
244,519,2018,Kabupaten Banyuwangi,persentase_penduduk,0.74
244,519,2018,Kabupaten Banyuwangi,rasio_jenis_kelamin_penduduk,99.1
245,519,2018,Kabupaten Bondowoso,rasio_jenis_kelamin_penduduk,94.9
245,519,2018,Kabupaten Bondowoso,persentase_penduduk,1.35
245,519,2018,Kabupaten Bondowoso,jumlah_penduduk,772.0
245,519,2018,Kabupaten Bondowoso,kepadatan_penduduk_per_km_persegi,506.0
245,519,2018,Kabupaten Bondowoso,laju_pertumbuhan_penduduk_per_tahun,0.58
246,519,2018,Kabupaten Situbondo,jumlah_penduduk,680.0
246,519,2018,Kabupaten Situbondo,persentase_penduduk,1.09
246,519,2018,Kabupaten Situbondo,rasio_jenis_kelamin_penduduk,95.3
246,519,2018,Kabupaten Situbondo,kepadatan_penduduk_per_km_persegi,407.0
246,519,2018,Kabupaten Situbondo,laju_pertumbuhan_penduduk_per_tahun,0.61
247,519,2018,Kabupaten Probolinggo,kepadatan_penduduk_per_km_persegi,685.0
247,519,2018,Kabupaten Probolinggo,rasio_jenis_kelamin_penduduk,95.3
247,519,2018,Kabupaten Probolinggo,laju_pertumbuhan_penduduk_per_tahun,0.72
247,519,2018,Kabupaten Probolinggo,persentase_penduduk,1.83
247,519,2018,Kabupaten Probolinggo,jumlah_penduduk,1162.0
248,519,2018,Kabupaten Pasuruan,laju_pertumbuhan_penduduk_per_tahun,0.83
248,519,2018,Kabupaten Pasuruan,persentase_penduduk,2.93
248,519,2018,Kabupaten Pasuruan,jumlah_penduduk,1617.0
248,519,2018,Kabupaten Pasuruan,kepadatan_penduduk_per_km_persegi,1097.0
248,519,2018,Kabupaten Pasuruan,rasio_jenis_kelamin_penduduk,98.2
249,519,2018,Kabupaten Sidoarjo,rasio_jenis_kelamin_penduduk,101.0
249,519,2018,Kabupaten Sidoarjo,jumlah_penduduk,2217.0
249,519,2018,Kabupaten Sidoarjo,kepadatan_penduduk_per_km_persegi,3495.0
249,519,2018,Kabupaten Sidoarjo,persentase_penduduk,9.33
249,519,2018,Kabupaten Sidoarjo,laju_pertumbuhan_penduduk_per_tahun,1.65
250,519,2018,Kabupaten Mojokerto,jumlah_penduduk,1109.0
250,519,2018,Kabupaten Mojokerto,kepadatan_penduduk_per_km_persegi,1545.0
250,519,2018,Kabupaten Mojokerto,rasio_jenis_kelamin_penduduk,99.8
250,519,2018,Kabupaten Mojokerto,persentase_penduduk,4.12
250,519,2018,Kabupaten Mojokerto,laju_pertumbuhan_penduduk_per_tahun,0.97
251,519,2018,Kabupaten Jombang,kepadatan_penduduk_per_km_persegi,1129.0
251,519,2018,Kabupaten Jombang,jumlah_penduduk,1259.0
251,519,2018,Kabupaten Jombang,persentase_penduduk,3.01
251,519,2018,Kabupaten Jombang,laju_pertumbuhan_penduduk_per_tahun,0.57
251,519,2018,Kabupaten Jombang,rasio_jenis_kelamin_penduduk,99.0
252,519,2018,Kabupaten Nganjuk,persentase_penduduk,2.29
252,519,2018,Kabupaten Nganjuk,laju_pertumbuhan_penduduk_per_tahun,0.42
252,519,2018,Kabupaten Nganjuk,jumlah_penduduk,1052.0
252,519,2018,Kabupaten Nganjuk,rasio_jenis_kelamin_penduduk,98.9
252,519,2018,Kabupaten Nganjuk,kepadatan_penduduk_per_km_persegi,859.0
253,519,2018,Kabupaten Madiun,persentase_penduduk,1.75
253,519,2018,Kabupaten Madiun,jumlah_penduduk,681.0
253,519,2018,Kabupaten Madiun,laju_pertumbuhan_penduduk_per_tahun,0.35
253,519,2018,Kabupaten Madiun,rasio_jenis_kelamin_penduduk,97.5
253,519,2018,Kabupaten Madiun,kepadatan_penduduk_per_km_persegi,656.0
254,519,2018,Kabupaten Magetan,jumlah_penduduk,629.0
254,519,2018,Kabupaten Magetan,persentase_penduduk,2.44
254,519,2018,Kabupaten Magetan,kepadatan_penduduk_per_km_persegi,913.0
254,519,2018,Kabupaten Magetan,laju_pertumbuhan_penduduk_per_tahun,0.17
254,519,2018,Kabupaten Magetan,rasio_jenis_kelamin_penduduk,95.0
255,519,2018,Kabupaten Ngawi,rasio_jenis_kelamin_penduduk,95.7
255,519,2018,Kabupaten Ngawi,jumlah_penduduk,830.0
255,519,2018,Kabupaten Ngawi,persentase_penduduk,1.71
255,519,2018,Kabupaten Ngawi,laju_pertumbuhan_penduduk_per_tahun,0.19
255,519,2018,Kabupaten Ngawi,kepadatan_penduduk_per_km_persegi,640.0
256,519,2018,Kabupaten Bojonegoro,jumlah_penduduk,1247.0
256,519,2018,Kabupaten Bojonegoro,kepadatan_penduduk_per_km_persegi,567.0
256,519,2018,Kabupaten Bojonegoro,laju_pertumbuhan_penduduk_per_tahun,0.37
256,519,2018,Kabupaten Bojonegoro,rasio_jenis_kelamin_penduduk,97.8
256,519,2018,Kabupaten Bojonegoro,persentase_penduduk,1.51
257,519,2018,Kabupaten Tuban,kepadatan_penduduk_per_km_persegi,637.0
257,519,2018,Kabupaten Tuban,persentase_penduduk,1.7
257,519,2018,Kabupaten Tuban,jumlah_penduduk,1168.0
257,519,2018,Kabupaten Tuban,laju_pertumbuhan_penduduk_per_tahun,0.54
257,519,2018,Kabupaten Tuban,rasio_jenis_kelamin_penduduk,97.7
258,519,2018,Kabupaten Lamongan,laju_pertumbuhan_penduduk_per_tahun,0.1
258,519,2018,Kabupaten Lamongan,kepadatan_penduduk_per_km_persegi,667.0
258,519,2018,Kabupaten Lamongan,rasio_jenis_kelamin_penduduk,94.5
258,519,2018,Kabupaten Lamongan,persentase_penduduk,1.78
258,519,2018,Kabupaten Lamongan,jumlah_penduduk,1189.0
259,519,2018,Kabupaten Gresik,laju_pertumbuhan_penduduk_per_tahun,1.23
259,519,2018,Kabupaten Gresik,persentase_penduduk,2.91
259,519,2018,Kabupaten Gresik,rasio_jenis_kelamin_penduduk,98.4
259,519,2018,Kabupaten Gresik,kepadatan_penduduk_per_km_persegi,1090.0
259,519,2018,Kabupaten Gresik,jumlah_penduduk,1299.0
260,519,2018,Kabupaten Bangkalan,laju_pertumbuhan_penduduk_per_tahun,0.95
260,519,2018,Kabupaten Bangkalan,persentase_penduduk,2.61
260,519,2018,Kabupaten Bangkalan,rasio_jenis_kelamin_penduduk,91.5
260,519,2018,Kabupaten Bangkalan,jumlah_penduduk,979.0
260,519,2018,Kabupaten Bangkalan,kepadatan_penduduk_per_km_persegi,978.0
261,519,2018,Kabupaten Sampang,jumlah_penduduk,969.0
261,519,2018,Kabupaten Sampang,kepadatan_penduduk_per_km_persegi,786.0
261,519,2018,Kabupaten Sampang,rasio_jenis_kelamin_penduduk,95.1
261,519,2018,Kabupaten Sampang,persentase_penduduk,2.1
261,519,2018,Kabupaten Sampang,laju_pertumbuhan_penduduk_per_tahun,1.23
262,519,2018,Kabupaten Pamekasan,kepadatan_penduduk_per_km_persegi,1099.0
262,519,2018,Kabupaten Pamekasan,laju_pertumbuhan_penduduk_per_tahun,1.13
262,519,2018,Kabupaten Pamekasan,persentase_penduduk,2.93
262,519,2018,Kabupaten Pamekasan,rasio_jenis_kelamin_penduduk,94.6
262,519,2018,Kabupaten Pamekasan,jumlah_penduduk,871.0
263,519,2018,Kabupaten Sumenep,kepadatan_penduduk_per_km_persegi,543.0
263,519,2018,Kabupaten Sumenep,laju_pertumbuhan_penduduk_per_tahun,0.5
263,519,2018,Kabupaten Sumenep,jumlah_penduduk,1085.0
263,519,2018,Kabupaten Sumenep,persentase_penduduk,1.45
263,519,2018,Kabupaten Sumenep,rasio_jenis_kelamin_penduduk,90.8
264,519,2018,Kota Kediri,laju_pertumbuhan_penduduk_per_tahun,0.77
264,519,2018,Kota Kediri,persentase_penduduk,0.72
264,519,2018,Kota Kediri,rasio_jenis_kelamin_penduduk,99.3
264,519,2018,Kota Kediri,kepadatan_penduduk_per_km_persegi,4511.0
264,519,2018,Kota Kediri,jumlah_penduduk,286.0
265,519,2018,Kota Blitar,persentase_penduduk,0.35
265,519,2018,Kota Blitar,kepadatan_penduduk_per_km_persegi,4329.0
265,519,2018,Kota Blitar,jumlah_penduduk,141.0
265,519,2018,Kota Blitar,rasio_jenis_kelamin_penduduk,98.3
265,519,2018,Kota Blitar,laju_pertumbuhan_penduduk_per_tahun,0.82
266,519,2018,Kota Malang,rasio_jenis_kelamin_penduduk,97.3
266,519,2018,Kota Malang,jumlah_penduduk,866.0
266,519,2018,Kota Malang,laju_pertumbuhan_penduduk_per_tahun,0.68
266,519,2018,Kota Malang,kepadatan_penduduk_per_km_persegi,5961.0
266,519,2018,Kota Malang,persentase_penduduk,2.19
267,519,2018,Kota Probolinggo,persentase_penduduk,0.58
267,519,2018,Kota Probolinggo,laju_pertumbuhan_penduduk_per_tahun,1.0
267,519,2018,Kota Probolinggo,jumlah_penduduk,235.0
267,519,2018,Kota Probolinggo,rasio_jenis_kelamin_penduduk,97.0
267,519,2018,Kota Probolinggo,kepadatan_penduduk_per_km_persegi,4147.0
268,519,2018,Kota Pasuruan,rasio_jenis_kelamin_penduduk,98.3
268,519,2018,Kota Pasuruan,jumlah_penduduk,199.0
268,519,2018,Kota Pasuruan,persentase_penduduk,0.5
268,519,2018,Kota Pasuruan,kepadatan_penduduk_per_km_persegi,5639.0
268,519,2018,Kota Pasuruan,laju_pertumbuhan_penduduk_per_tahun,0.83
269,519,2018,Kota Mojokerto,kepadatan_penduduk_per_km_persegi,7772.0
269,519,2018,Kota Mojokerto,persentase_penduduk,0.32
269,519,2018,Kota Mojokerto,laju_pertumbuhan_penduduk_per_tahun,0.81
269,519,2018,Kota Mojokerto,jumlah_penduduk,128.0
269,519,2018,Kota Mojokerto,rasio_jenis_kelamin_penduduk,96.9
270,519,2018,Kota Madiun,kepadatan_penduduk_per_km_persegi,5218.0
270,519,2018,Kota Madiun,persentase_penduduk,0.46
270,519,2018,Kota Madiun,jumlah_penduduk,177.0
270,519,2018,Kota Madiun,laju_pertumbuhan_penduduk_per_tahun,0.41
270,519,2018,Kota Madiun,rasio_jenis_kelamin_penduduk,93.7
271,519,2018,Kota Surabaya,rasio_jenis_kelamin_penduduk,97.6
271,519,2018,Kota Surabaya,kepadatan_penduduk_per_km_persegi,8233.0
271,519,2018,Kota Surabaya,laju_pertumbuhan_penduduk_per_tahun,0.53
271,519,2018,Kota Surabaya,persentase_penduduk,7.38
271,519,2018,Kota Surabaya,jumlah_penduduk,2886.0
272,519,2018,Kota Batu,persentase_penduduk,0.51
272,519,2018,Kota Batu,laju_pertumbuhan_penduduk_per_tahun,0.98
272,519,2018,Kota Batu,jumlah_penduduk,206.0
272,519,2018,Kota Batu,rasio_jenis_kelamin_penduduk,101.2
272,519,2018,Kota Batu,kepadatan_penduduk_per_km_persegi,1507.0
273,519,2018,Jawa Timur,jumlah_penduduk,39501.0
273,519,2018,Jawa Timur,rasio_jenis_kelamin_penduduk,97.5
273,519,2018,Jawa Timur,kepadatan_penduduk_per_km_persegi,826.0
273,519,2018,Jawa Timur,laju_pertumbuhan_penduduk_per_tahun,0.65
273,519,2018,Jawa Timur,persentase_penduduk,100.0
274,519,2010,Kabupaten Pacitan,kepadatan_penduduk_per_km_persegi,287.0
274,519,2010,Kabupaten Pacitan,rasio_jenis_kelamin_penduduk,95.4
274,519,2010,Kabupaten Pacitan,persentase_penduduk,1.4
274,519,2010,Kabupaten Pacitan,jumlah_penduduk,541.0
274,519,2010,Kabupaten Pacitan,laju_pertumbuhan_penduduk_per_tahun,0.29
275,519,2010,Kabupaten Ponorogo,laju_pertumbuhan_penduduk_per_tahun,0.16
275,519,2010,Kabupaten Ponorogo,kepadatan_penduduk_per_km_persegi,511.0
275,519,2010,Kabupaten Ponorogo,jumlah_penduduk,855.0
275,519,2010,Kabupaten Ponorogo,persentase_penduduk,2.21
275,519,2010,Kabupaten Ponorogo,rasio_jenis_kelamin_penduduk,100.0
276,519,2010,Kabupaten Trenggalek,laju_pertumbuhan_penduduk_per_tahun,0.37
276,519,2010,Kabupaten Trenggalek,jumlah_penduduk,674.0
276,519,2010,Kabupaten Trenggalek,persentase_penduduk,1.76
276,519,2010,Kabupaten Trenggalek,kepadatan_penduduk_per_km_persegi,528.0
276,519,2010,Kabupaten Trenggalek,rasio_jenis_kelamin_penduduk,98.8
277,519,2010,Kabupaten Tulungagung,laju_pertumbuhan_penduduk_per_tahun,0.64
277,519,2010,Kabupaten Tulungagung,rasio_jenis_kelamin_penduduk,95.2
277,519,2010,Kabupaten Tulungagung,persentase_penduduk,2.62
277,519,2010,Kabupaten Tulungagung,jumlah_penduduk,990.0
277,519,2010,Kabupaten Tulungagung,kepadatan_penduduk_per_km_persegi,929.0
278,519,2010,Kabupaten Blitar,rasio_jenis_kelamin_penduduk,100.4
278,519,2010,Kabupaten Blitar,laju_pertumbuhan_penduduk_per_tahun,0.48
278,519,2010,Kabupaten Blitar,kepadatan_penduduk_per_km_persegi,648.0
278,519,2010,Kabupaten Blitar,jumlah_penduduk,1117.0
278,519,2010,Kabupaten Blitar,persentase_penduduk,2.93
279,519,2010,Kabupaten Kediri,jumlah_penduduk,1500.0
279,519,2010,Kabupaten Kediri,kepadatan_penduduk_per_km_persegi,816.0
279,519,2010,Kabupaten Kediri,rasio_jenis_kelamin_penduduk,100.8
279,519,2010,Kabupaten Kediri,persentase_penduduk,3.97
279,519,2010,Kabupaten Kediri,laju_pertumbuhan_penduduk_per_tahun,0.64
280,519,2010,Kabupaten Malang,persentase_penduduk,6.56
280,519,2010,Kabupaten Malang,jumlah_penduduk,2446.0
280,519,2010,Kabupaten Malang,kepadatan_penduduk_per_km_persegi,208.0
280,519,2010,Kabupaten Malang,laju_pertumbuhan_penduduk_per_tahun,0.87
280,519,2010,Kabupaten Malang,rasio_jenis_kelamin_penduduk,101.1
281,519,2010,Kabupaten Lumajang,kepadatan_penduduk_per_km_persegi,324.0
281,519,2010,Kabupaten Lumajang,jumlah_penduduk,1006.0
281,519,2010,Kabupaten Lumajang,persentase_penduduk,2.63
281,519,2010,Kabupaten Lumajang,rasio_jenis_kelamin_penduduk,95.5
281,519,2010,Kabupaten Lumajang,laju_pertumbuhan_penduduk_per_tahun,0.42
282,519,2010,Kabupaten Jember,persentase_penduduk,6.18
282,519,2010,Kabupaten Jember,jumlah_penduduk,2333.0
282,519,2010,Kabupaten Jember,laju_pertumbuhan_penduduk_per_tahun,0.65
282,519,2010,Kabupaten Jember,kepadatan_penduduk_per_km_persegi,255.0
282,519,2010,Kabupaten Jember,rasio_jenis_kelamin_penduduk,96.7
283,519,2010,Kabupaten Banyuwangi,rasio_jenis_kelamin_penduduk,99.1
283,519,2010,Kabupaten Banyuwangi,laju_pertumbuhan_penduduk_per_tahun,0.45
283,519,2010,Kabupaten Banyuwangi,jumlah_penduduk,1556.0
283,519,2010,Kabupaten Banyuwangi,kepadatan_penduduk_per_km_persegi,48.0
283,519,2010,Kabupaten Banyuwangi,persentase_penduduk,4.08
284,519,2010,Kabupaten Bondowoso,jumlah_penduduk,737.0
284,519,2010,Kabupaten Bondowoso,kepadatan_penduduk_per_km_persegi,332.0
284,519,2010,Kabupaten Bondowoso,persentase_penduduk,1.95
284,519,2010,Kabupaten Bondowoso,rasio_jenis_kelamin_penduduk,95.0
284,519,2010,Kabupaten Bondowoso,laju_pertumbuhan_penduduk_per_tahun,0.68
285,519,2010,Kabupaten Situbondo,jumlah_penduduk,648.0
285,519,2010,Kabupaten Situbondo,laju_pertumbuhan_penduduk_per_tahun,0.71
285,519,2010,Kabupaten Situbondo,rasio_jenis_kelamin_penduduk,95.2
285,519,2010,Kabupaten Situbondo,kepadatan_penduduk_per_km_persegi,244.0
285,519,2010,Kabupaten Situbondo,persentase_penduduk,1.72
286,519,2010,Kabupaten Probolinggo,persentase_penduduk,2.94
286,519,2010,Kabupaten Probolinggo,laju_pertumbuhan_penduduk_per_tahun,0.88
286,519,2010,Kabupaten Probolinggo,rasio_jenis_kelamin_penduduk,95.3
286,519,2010,Kabupaten Probolinggo,kepadatan_penduduk_per_km_persegi,404.0
286,519,2010,Kabupaten Probolinggo,jumlah_penduduk,1096.0
287,519,2010,Kabupaten Pasuruan,laju_pertumbuhan_penduduk_per_tahun,1.03
287,519,2010,Kabupaten Pasuruan,jumlah_penduduk,1512.0
287,519,2010,Kabupaten Pasuruan,persentase_penduduk,4.09
287,519,2010,Kabupaten Pasuruan,kepadatan_penduduk_per_km_persegi,744.0
287,519,2010,Kabupaten Pasuruan,rasio_jenis_kelamin_penduduk,98.2
288,519,2010,Kabupaten Sidoarjo,jumlah_penduduk,1941.0
288,519,2010,Kabupaten Sidoarjo,persentase_penduduk,5.61
288,519,2010,Kabupaten Sidoarjo,rasio_jenis_kelamin_penduduk,101.0
288,519,2010,Kabupaten Sidoarjo,laju_pertumbuhan_penduduk_per_tahun,2.21
288,519,2010,Kabupaten Sidoarjo,kepadatan_penduduk_per_km_persegi,5509.0
289,519,2010,Kabupaten Mojokerto,persentase_penduduk,2.81
289,519,2010,Kabupaten Mojokerto,kepadatan_penduduk_per_km_persegi,2152.0
289,519,2010,Kabupaten Mojokerto,laju_pertumbuhan_penduduk_per_tahun,1.23
289,519,2010,Kabupaten Mojokerto,jumlah_penduduk,1025.0
289,519,2010,Kabupaten Mojokerto,rasio_jenis_kelamin_penduduk,99.9
290,519,2010,Kabupaten Jombang,kepadatan_penduduk_per_km_persegi,1013.0
290,519,2010,Kabupaten Jombang,jumlah_penduduk,1202.0
290,519,2010,Kabupaten Jombang,rasio_jenis_kelamin_penduduk,99.0
290,519,2010,Kabupaten Jombang,persentase_penduduk,3.19
290,519,2010,Kabupaten Jombang,laju_pertumbuhan_penduduk_per_tahun,0.66
291,519,2010,Kabupaten Nganjuk,kepadatan_penduduk_per_km_persegi,702.0
291,519,2010,Kabupaten Nganjuk,jumlah_penduduk,1017.0
291,519,2010,Kabupaten Nganjuk,persentase_penduduk,2.66
291,519,2010,Kabupaten Nganjuk,rasio_jenis_kelamin_penduduk,98.9
291,519,2010,Kabupaten Nganjuk,laju_pertumbuhan_penduduk_per_tahun,0.44
292,519,2010,Kabupaten Madiun,laju_pertumbuhan_penduduk_per_tahun,0.35
292,519,2010,Kabupaten Madiun,rasio_jenis_kelamin_penduduk,97.5
292,519,2010,Kabupaten Madiun,persentase_penduduk,1.72
292,519,2010,Kabupaten Madiun,jumlah_penduduk,662.0
292,519,2010,Kabupaten Madiun,kepadatan_penduduk_per_km_persegi,633.0
293,519,2010,Kabupaten Magetan,jumlah_penduduk,620.0
293,519,2010,Kabupaten Magetan,laju_pertumbuhan_penduduk_per_tahun,0.09
293,519,2010,Kabupaten Magetan,persentase_penduduk,1.59
293,519,2010,Kabupaten Magetan,kepadatan_penduduk_per_km_persegi,1326.0
293,519,2010,Kabupaten Magetan,rasio_jenis_kelamin_penduduk,95.0
294,519,2010,Kabupaten Ngawi,kepadatan_penduduk_per_km_persegi,494.0
294,519,2010,Kabupaten Ngawi,jumlah_penduduk,818.0
294,519,2010,Kabupaten Ngawi,persentase_penduduk,2.1
294,519,2010,Kabupaten Ngawi,rasio_jenis_kelamin_penduduk,95.1
294,519,2010,Kabupaten Ngawi,laju_pertumbuhan_penduduk_per_tahun,0.06
295,519,2010,Kabupaten Bojonegoro,persentase_penduduk,3.16
295,519,2010,Kabupaten Bojonegoro,jumlah_penduduk,1210.0
295,519,2010,Kabupaten Bojonegoro,laju_pertumbuhan_penduduk_per_tahun,0.38
295,519,2010,Kabupaten Bojonegoro,kepadatan_penduduk_per_km_persegi,258.0
295,519,2010,Kabupaten Bojonegoro,rasio_jenis_kelamin_penduduk,97.8
296,519,2010,Kabupaten Tuban,laju_pertumbuhan_penduduk_per_tahun,0.62
296,519,2010,Kabupaten Tuban,rasio_jenis_kelamin_penduduk,97.7
296,519,2010,Kabupaten Tuban,kepadatan_penduduk_per_km_persegi,347.0
296,519,2010,Kabupaten Tuban,jumlah_penduduk,1118.0
296,519,2010,Kabupaten Tuban,persentase_penduduk,2.96
297,519,2010,Kabupaten Lamongan,persentase_penduduk,3.01
297,519,2010,Kabupaten Lamongan,rasio_jenis_kelamin_penduduk,94.5
297,519,2010,Kabupaten Lamongan,kepadatan_penduduk_per_km_persegi,374.0
297,519,2010,Kabupaten Lamongan,laju_pertumbuhan_penduduk_per_tahun,-0.02
297,519,2010,Kabupaten Lamongan,jumlah_penduduk,1179.0
298,519,2010,Kabupaten Gresik,jumlah_penduduk,1177.0
298,519,2010,Kabupaten Gresik,persentase_penduduk,3.29
298,519,2010,Kabupaten Gresik,rasio_jenis_kelamin_penduduk,98.4
298,519,2010,Kabupaten Gresik,kepadatan_penduduk_per_km_persegi,915.0
298,519,2010,Kabupaten Gresik,laju_pertumbuhan_penduduk_per_tahun,1.6
299,519,2010,Kabupaten Bangkalan,laju_pertumbuhan_penduduk_per_tahun,1.21
299,519,2010,Kabupaten Bangkalan,jumlah_penduduk,907.0
299,519,2010,Kabupaten Bangkalan,rasio_jenis_kelamin_penduduk,91.5
299,519,2010,Kabupaten Bangkalan,kepadatan_penduduk_per_km_persegi,976.0
299,519,2010,Kabupaten Bangkalan,persentase_penduduk,2.48
300,519,2010,Kabupaten Sampang,rasio_jenis_kelamin_penduduk,95.1
300,519,2010,Kabupaten Sampang,jumlah_penduduk,878.0
300,519,2010,Kabupaten Sampang,laju_pertumbuhan_penduduk_per_tahun,1.6
300,519,2010,Kabupaten Sampang,persentase_penduduk,2.45
300,519,2010,Kabupaten Sampang,kepadatan_penduduk_per_km_persegi,637.0
301,519,2010,Kabupaten Pamekasan,kepadatan_penduduk_per_km_persegi,1388.0
301,519,2010,Kabupaten Pamekasan,jumlah_penduduk,796.0
301,519,2010,Kabupaten Pamekasan,persentase_penduduk,2.21
301,519,2010,Kabupaten Pamekasan,rasio_jenis_kelamin_penduduk,94.6
301,519,2010,Kabupaten Pamekasan,laju_pertumbuhan_penduduk_per_tahun,1.46
302,519,2010,Kabupaten Sumenep,jumlah_penduduk,1042.0
302,519,2010,Kabupaten Sumenep,kepadatan_penduduk_per_km_persegi,272.0
302,519,2010,Kabupaten Sumenep,persentase_penduduk,2.75
302,519,2010,Kabupaten Sumenep,laju_pertumbuhan_penduduk_per_tahun,0.56
302,519,2010,Kabupaten Sumenep,rasio_jenis_kelamin_penduduk,90.8
303,519,2010,Kota Kediri,jumlah_penduduk,269.0
303,519,2010,Kota Kediri,rasio_jenis_kelamin_penduduk,99.5
303,519,2010,Kota Kediri,laju_pertumbuhan_penduduk_per_tahun,0.95
303,519,2010,Kota Kediri,kepadatan_penduduk_per_km_persegi,4243.0
303,519,2010,Kota Kediri,persentase_penduduk,0.72
304,519,2010,Kota Blitar,kepadatan_penduduk_per_km_persegi,4053.0
304,519,2010,Kota Blitar,rasio_jenis_kelamin_penduduk,98.4
304,519,2010,Kota Blitar,jumlah_penduduk,132.0
304,519,2010,Kota Blitar,persentase_penduduk,0.36
304,519,2010,Kota Blitar,laju_pertumbuhan_penduduk_per_tahun,1.02
305,519,2010,Kota Malang,laju_pertumbuhan_penduduk_per_tahun,0.81
305,519,2010,Kota Malang,persentase_penduduk,2.19
305,519,2010,Kota Malang,rasio_jenis_kelamin_penduduk,97.3
305,519,2010,Kota Malang,jumlah_penduduk,820.0
305,519,2010,Kota Malang,kepadatan_penduduk_per_km_persegi,5644.0
306,519,2010,Kota Probolinggo,persentase_penduduk,0.59
306,519,2010,Kota Probolinggo,jumlah_penduduk,217.0
306,519,2010,Kota Probolinggo,laju_pertumbuhan_penduduk_per_tahun,1.27
306,519,2010,Kota Probolinggo,rasio_jenis_kelamin_penduduk,97.1
306,519,2010,Kota Probolinggo,kepadatan_penduduk_per_km_persegi,3829.0
307,519,2010,Kota Pasuruan,persentase_penduduk,0.5
307,519,2010,Kota Pasuruan,laju_pertumbuhan_penduduk_per_tahun,1.03
307,519,2010,Kota Pasuruan,kepadatan_penduduk_per_km_persegi,5271.0
307,519,2010,Kota Pasuruan,jumlah_penduduk,186.0
307,519,2010,Kota Pasuruan,rasio_jenis_kelamin_penduduk,98.4
308,519,2010,Kota Mojokerto,persentase_penduduk,0.32
308,519,2010,Kota Mojokerto,jumlah_penduduk,120.0
308,519,2010,Kota Mojokerto,kepadatan_penduduk_per_km_persegi,7286.0
308,519,2010,Kota Mojokerto,rasio_jenis_kelamin_penduduk,96.8
308,519,2010,Kota Mojokerto,laju_pertumbuhan_penduduk_per_tahun,1.0
309,519,2010,Kota Madiun,persentase_penduduk,0.45
309,519,2010,Kota Madiun,kepadatan_penduduk_per_km_persegi,5041.0
309,519,2010,Kota Madiun,jumlah_penduduk,171.0
309,519,2010,Kota Madiun,laju_pertumbuhan_penduduk_per_tahun,0.42
309,519,2010,Kota Madiun,rasio_jenis_kelamin_penduduk,93.8
310,519,2010,Kota Surabaya,kepadatan_penduduk_per_km_persegi,7888.0
310,519,2010,Kota Surabaya,rasio_jenis_kelamin_penduduk,97.9
310,519,2010,Kota Surabaya,laju_pertumbuhan_penduduk_per_tahun,0.63
310,519,2010,Kota Surabaya,persentase_penduduk,7.31
310,519,2010,Kota Surabaya,jumlah_penduduk,2765.0
311,519,2010,Kota Batu,jumlah_penduduk,190.0
311,519,2010,Kota Batu,rasio_jenis_kelamin_penduduk,101.3
311,519,2010,Kota Batu,laju_pertumbuhan_penduduk_per_tahun,1.25
311,519,2010,Kota Batu,persentase_penduduk,0.52
311,519,2010,Kota Batu,kepadatan_penduduk_per_km_persegi,1390.0
312,519,2010,Jawa Timur,jumlah_penduduk,37477.0
312,519,2010,Jawa Timur,laju_pertumbuhan_penduduk_per_tahun,0.76
312,519,2010,Jawa Timur,kepadatan_penduduk_per_km_persegi,784.0
312,519,2010,Jawa Timur,rasio_jenis_kelamin_penduduk,97.5
312,519,2010,Jawa Timur,persentase_penduduk,100.0
